PlayerNum,jpPlayer,Link,BirthDate,Height,Weight,T,B,Note,Team
22,藤川　球児,1980.07.21,,,Hanshin Tigers
00,ゲラ,https://npb.jp/bis/players/33735159.html,1995.09.25,183,85,右,左,,Hanshin Tigers
13,岩崎　優,https://npb.jp/bis/players/31335139.html,1991.06.19,185,92,左,左,,Hanshin Tigers
14,岩貞　祐太,https://npb.jp/bis/players/51355139.html,1991.09.05,183,87,左,左,,Hanshin Tigers
15,西　純矢,https://npb.jp/bis/players/91495151.html,2001.09.13,184,98,右,右,,Hanshin Tigers
16,西　勇輝,https://npb.jp/bis/players/71275118.html,1990.11.10,181,83,右,右,,Hanshin Tigers
18,伊原　陵人,https://npb.jp/bis/players/71375150.html,2000.08.07,170,77,左,左,,Hanshin Tigers
19,下村　海翔,https://npb.jp/bis/players/61965159.html,2002.03.27,174,69,右,右,,Hanshin Tigers
20,デュプランティエ,https://npb.jp/bis/players/13715150.html,1994.07.11,193,103,右,左,,Hanshin Tigers
24,工藤　泰成,https://npb.jp/bis/players/81785150.html,2001.11.19,177,82,右,左,3/7 育成選手から支配下選手へ移行,Hanshin Tigers
26,椎葉　剛,https://npb.jp/bis/players/21925159.html,2002.03.18,183,89,右,右,,Hanshin Tigers
27,伊藤　将司,https://npb.jp/bis/players/71375153.html,1996.05.08,179,88,左,左,,Hanshin Tigers
28,今朝丸　裕喜,https://npb.jp/bis/players/31935150.html,2006.06.02,187,77,右,右,,Hanshin Tigers
29,髙橋　遥人,https://npb.jp/bis/players/91095136.html,1995.11.07,181,81,左,左,,Hanshin Tigers
30,門別　啓人,https://npb.jp/bis/players/53355157.html,2004.07.10,183,88,左,左,,Hanshin Tigers
31,早川　太貴,https://npb.jp/bis/players/57955159.html,1999.12.18,185,95,右,右,7/13 育成選手から支配下選手へ移行,Hanshin Tigers
34,漆原　大晟,https://npb.jp/bis/players/11315138.html,1996.09.10,182,84,右,左,,Hanshin Tigers
35,才木　浩人,https://npb.jp/bis/players/41745134.html,1998.11.07,189,92,右,右,,Hanshin Tigers
36,畠　世周,https://npb.jp/bis/players/31635134.html,1994.05.31,186,82,右,左,,Hanshin Tigers
37,及川　雅貴,https://npb.jp/bis/players/91795151.html,2001.04.18,184,84,左,左,,Hanshin Tigers
41,村上　頌樹,https://npb.jp/bis/players/13315153.html,1998.06.25,175,83,右,左,,Hanshin Tigers
42,ネルソン,https://npb.jp/bis/players/73775150.html,1995.12.05,185,92,右,右,,Hanshin Tigers
46,島本　浩也,https://npb.jp/bis/players/51055133.html,1993.02.14,176,73,左,左,,Hanshin Tigers
47,桐敷　拓馬,https://npb.jp/bis/players/01705155.html,1999.06.20,179,93,左,左,,Hanshin Tigers
48,茨木　秀俊,https://npb.jp/bis/players/81185157.html,2004.06.08,183,87,右,右,,Hanshin Tigers
49,大竹　耕太郎,https://npb.jp/bis/players/41345136.html,1995.06.29,184,86,左,左,,Hanshin Tigers
50,富田　蓮,https://npb.jp/bis/players/51255157.html,2001.09.06,176,76,左,左,,Hanshin Tigers
54,木下　里都,https://npb.jp/bis/players/41745150.html,2001.01.27,183,90,右,右,,Hanshin Tigers
63,石黒　佑弥,https://npb.jp/bis/players/01105159.html,2001.06.20,180,85,右,右,,Hanshin Tigers
64,岡留　英貴,https://npb.jp/bis/players/11515155.html,1999.11.07,181,95,右,右,,Hanshin Tigers
65,湯浅　京己,https://npb.jp/bis/players/41845138.html,1999.07.17,183,82,右,右,,Hanshin Tigers
66,津田　淳哉,https://npb.jp/bis/players/11415159.html,2001.08.27,179,81,右,右,,Hanshin Tigers
69,石井　大智,https://npb.jp/bis/players/41145153.html,1997.07.29,175,80,右,右,,Hanshin Tigers
82,ハートウィグ,https://npb.jp/bis/players/43045150.html,1997.12.18,196,106,右,右,7/22 支配下選手登録,Hanshin Tigers
85,ドリス,https://npb.jp/bis/players/03505132.html,1988.01.10,196,106,右,右,7/22 支配下選手登録,Hanshin Tigers
92,川原　陸,https://npb.jp/bis/players/11715138.html,2000.12.12,186,92,左,左,,Hanshin Tigers
98,佐藤　蓮,https://npb.jp/bis/players/81085153.html,1998.04.11,189,105,右,右,,Hanshin Tigers
99,ビーズリー,https://npb.jp/bis/players/03905157.html,1995.11.20,191,102,右,右,,Hanshin Tigers
2,梅野　隆太郎,https://npb.jp/bis/players/21325139.html,1991.06.17,173,77,右,右,,Hanshin Tigers
12,坂本　誠志郎,https://npb.jp/bis/players/11915132.html,1993.11.10,176,79,右,右,,Hanshin Tigers
39,榮枝　裕貴,https://npb.jp/bis/players/51055153.html,1998.05.16,180,86,右,右,,Hanshin Tigers
43,町田　隼乙,https://npb.jp/bis/players/41845150.html,2003.04.03,186,88,右,右,,Hanshin Tigers
57,長坂　拳弥,https://npb.jp/bis/players/91495134.html,1994.04.28,173,80,右,右,,Hanshin Tigers
59,藤田　健斗,https://npb.jp/bis/players/91695151.html,2001.10.18,173,78,右,右,,Hanshin Tigers
68,中川　勇斗,https://npb.jp/bis/players/51455155.html,2004.01.27,172,75,右,右,,Hanshin Tigers
0,木浪　聖也,https://npb.jp/bis/players/31735138.html,1994.06.15,179,81,右,左,,Hanshin Tigers
3,大山　悠輔,https://npb.jp/bis/players/21325134.html,1994.12.19,181,95,右,右,,Hanshin Tigers
4,熊谷　敬宥,https://npb.jp/bis/players/81585136.html,1995.11.10,175,68,右,右,,Hanshin Tigers
8,佐藤　輝明,https://npb.jp/bis/players/41045153.html,1999.03.13,187,95,右,左,,Hanshin Tigers
25,渡邉　諒,https://npb.jp/bis/players/81685139.html,1995.04.30,178,86,右,右,,Hanshin Tigers
33,糸原　健斗,https://npb.jp/bis/players/81185134.html,1992.11.11,175,81,右,左,,Hanshin Tigers
38,小幡　竜平,https://npb.jp/bis/players/31535138.html,2000.09.21,184,78,右,左,,Hanshin Tigers
44,戸井　零士,https://npb.jp/bis/players/11215157.html,2005.01.18,181,79,右,右,,Hanshin Tigers
45,佐野　大陽,https://npb.jp/bis/players/91095150.html,2002.02.14,178,81,右,右,,Hanshin Tigers
51,中野　拓夢,https://npb.jp/bis/players/41445153.html,1996.06.28,172,67,右,左,,Hanshin Tigers
52,山田　脩也,https://npb.jp/bis/players/63365159.html,2005.08.20,177,70,右,右,,Hanshin Tigers
56,百﨑　蒼生,https://npb.jp/bis/players/23325159.html,2005.09.11,179,74,右,右,,Hanshin Tigers
62,植田　海,https://npb.jp/bis/players/01305130.html,1996.04.19,175,70,右,左右,,Hanshin Tigers
67,髙寺　望夢,https://npb.jp/bis/players/41245153.html,2002.10.17,178,76,右,左,,Hanshin Tigers
94,原口　文仁,https://npb.jp/bis/players/61065131.html,1992.03.03,182,97,右,右,,Hanshin Tigers
95,ヘルナンデス,https://npb.jp/bis/players/63765150.html,1996.03.02,193,102,右,右,,Hanshin Tigers
1,森下　翔太,https://npb.jp/bis/players/43145157.html,2000.08.14,182,93,右,右,,Hanshin Tigers
5,近本　光司,https://npb.jp/bis/players/71075138.html,1994.11.09,171,70,左,左,,Hanshin Tigers
32,井上　広大,https://npb.jp/bis/players/31335151.html,2001.08.12,189,100,右,右,,Hanshin Tigers
40,井坪　陽生,https://npb.jp/bis/players/41145157.html,2005.03.17,177,83,右,右,,Hanshin Tigers
53,島田　海吏,https://npb.jp/bis/players/91995136.html,1996.02.06,176,74,右,左,,Hanshin Tigers
55,楠本　泰史,https://npb.jp/bis/players/61565136.html,1995.07.07,180,85,右,左,,Hanshin Tigers
58,前川　右京,https://npb.jp/bis/players/21825155.html,2003.05.18,176,86,左,左,,Hanshin Tigers
60,小野寺　暖,https://npb.jp/bis/players/71775151.html,1998.03.17,183,82,右,右,,Hanshin Tigers
61,豊田　寛,https://npb.jp/bis/players/31435155.html,1997.04.28,178,86,右,右,,Hanshin Tigers
97,野口　恭佑,https://npb.jp/bis/players/01405157.html,2000.07.17,180,87,右,右,,Hanshin Tigers
120,森木　大智,https://npb.jp/bis/players/03305155.html,2003.04.17,184,94,右,右,,Hanshin Tigers
121,鈴木　勇斗,https://npb.jp/bis/players/01005155.html,2000.03.17,174,86,左,左,,Hanshin Tigers
122,小川　一平,https://npb.jp/bis/players/11715151.html,1997.06.03,183,84,右,右,,Hanshin Tigers
123,松原　快,https://npb.jp/bis/players/93195159.html,1999.08.24,180,91,右,右,,Hanshin Tigers
125,伊藤　稜,https://npb.jp/bis/players/31335155.html,1999.11.08,178,85,左,左,,Hanshin Tigers
131,ベタンセス,https://npb.jp/bis/players/83085159.html,1999.10.17,185,101,右,右,,Hanshin Tigers
132,マルティネス,https://npb.jp/bis/players/13215159.html,2000.01.10,190,94,右,右,,Hanshin Tigers
128,嶋村　麟士朗,https://npb.jp/bis/players/31235150.html,2003.07.13,177,90,右,左,,Hanshin Tigers
130,川﨑　俊哲,https://npb.jp/bis/players/51755150.html,2001.05.02,174,82,右,左,,Hanshin Tigers
133,アルナエス,https://npb.jp/bis/players/33535150.html,2002.08.22,176,85,右,右,,Hanshin Tigers
126,福島　圭音,https://npb.jp/bis/players/11815159.html,2001.10.06,171,70,右,左,,Hanshin Tigers
134,コンスエグラ,https://npb.jp/bis/players/03505150.html,2000.09.24,190,93,右,右,,Hanshin Tigers
25,新井　貴浩,1977.01.30,,,Hiroshima Carp
12,大道　温貴,https://npb.jp/bis/players/41545153.html,1999.01.20,180,91,右,右,,Hiroshima Carp
13,森浦　大輔,https://npb.jp/bis/players/73375153.html,1998.06.15,175,78,左,左,,Hiroshima Carp
14,大瀬良　大地,https://npb.jp/bis/players/61365139.html,1991.06.17,188,94,右,右,,Hiroshima Carp
16,森　翔平,https://npb.jp/bis/players/93395155.html,1998.01.01,177,86,左,左,,Hiroshima Carp
17,常廣　羽也斗,https://npb.jp/bis/players/31435159.html,2001.09.18,180,79,右,右,,Hiroshima Carp
18,森下　暢仁,https://npb.jp/bis/players/53155151.html,1997.08.25,181,81,右,右,,Hiroshima Carp
19,床田　寛樹,https://npb.jp/bis/players/11415134.html,1995.03.01,181,97,左,左,,Hiroshima Carp
20,栗林　良吏,https://npb.jp/bis/players/91995153.html,1996.07.09,177,88,右,右,,Hiroshima Carp
21,中﨑　翔太,https://npb.jp/bis/players/31235133.html,1992.08.10,187,100,右,右,,Hiroshima Carp
22,髙　太一,https://npb.jp/bis/players/41045159.html,2001.07.26,179,89,左,左,,Hiroshima Carp
24,黒原　拓未,https://npb.jp/bis/players/41745155.html,1999.11.29,173,82,左,左,,Hiroshima Carp
26,益田　武尚,https://npb.jp/bis/players/91895157.html,1998.10.06,174,86,右,右,,Hiroshima Carp
28,佐藤　柳之介,https://npb.jp/bis/players/71075150.html,2002.11.01,179,87,左,左,,Hiroshima Carp
29,ケムナ　誠,https://npb.jp/bis/players/71775136.html,1995.06.05,190,96,右,右,,Hiroshima Carp
30,滝田　一希,https://npb.jp/bis/players/31235159.html,2001.12.28,183,84,左,左,,Hiroshima Carp
34,高橋　昂也,https://npb.jp/bis/players/01005134.html,1998.09.27,182,95,左,左,,Hiroshima Carp
35,赤塚　健利,https://npb.jp/bis/players/51155159.html,2001.07.01,195,118,右,右,,Hiroshima Carp
36,塹江　敦哉,https://npb.jp/bis/players/21625130.html,1997.02.21,178,91,左,左,,Hiroshima Carp
39,長谷部　銀次,https://npb.jp/bis/players/51655157.html,1998.07.29,184,88,左,左,,Hiroshima Carp
41,鈴木　健矢,https://npb.jp/bis/players/61065151.html,1997.12.11,176,80,右,左,,Hiroshima Carp
42,ドミンゲス,https://npb.jp/bis/players/33735150.html,1996.01.18,193,86,右,右,,Hiroshima Carp
43,島内　颯太郎,https://npb.jp/bis/players/31935138.html,1996.10.14,180,86,右,右,,Hiroshima Carp
45,松本　竜也,https://npb.jp/bis/players/73175155.html,1999.09.18,178,100,右,右,,Hiroshima Carp
46,河野　佳,https://npb.jp/bis/players/71575157.html,2001.08.23,175,86,右,右,,Hiroshima Carp
47,斉藤　優汰,https://npb.jp/bis/players/61765157.html,2004.05.27,189,96,右,左,,Hiroshima Carp
48,アドゥワ　誠,https://npb.jp/bis/players/31135134.html,1998.10.02,196,80,右,右,,Hiroshima Carp
53,岡本　駿,https://npb.jp/bis/players/91595150.html,2002.06.12,186,82,右,左,,Hiroshima Carp
65,玉村　昇悟,https://npb.jp/bis/players/41245151.html,2001.04.16,179,86,左,左,,Hiroshima Carp
66,遠藤　淳志,https://npb.jp/bis/players/71375136.html,1999.04.08,186,90,右,右,,Hiroshima Carp
67,菊地　ハルン,https://npb.jp/bis/players/91795150.html,2007.01.21,200,115,右,右,,Hiroshima Carp
68,ハーン,https://npb.jp/bis/players/73975159.html,1994.08.30,198,117,左,左,,Hiroshima Carp
70,日髙　暖己,https://npb.jp/bis/players/41645157.html,2004.09.16,183,75,右,左,,Hiroshima Carp
98,辻　大雅,https://npb.jp/bis/players/81085157.html,2004.08.29,182,84,左,左,7/28 育成選手から支配下選手へ移行,Hiroshima Carp
27,會澤　翼,https://npb.jp/bis/players/31135114.html,1988.04.13,175,95,右,右,,Hiroshima Carp
31,坂倉　将吾,https://npb.jp/bis/players/11915134.html,1998.05.29,177,91,右,左,,Hiroshima Carp
32,石原　貴規,https://npb.jp/bis/players/21125151.html,1998.02.03,173,90,右,右,,Hiroshima Carp
40,磯村　嘉孝,https://npb.jp/bis/players/81185133.html,1992.11.01,178,92,右,右,,Hiroshima Carp
57,持丸　泰輝,https://npb.jp/bis/players/81885151.html,2001.10.26,177,91,右,左,,Hiroshima Carp
62,清水　叶人,https://npb.jp/bis/players/91995157.html,2004.07.06,176,91,右,左,,Hiroshima Carp
64,髙木　翔斗,https://npb.jp/bis/players/11215155.html,2003.08.12,187,96,右,右,,Hiroshima Carp
00,羽月　隆太郎,https://npb.jp/bis/players/71475138.html,2000.04.19,168,73,右,左,,Hiroshima Carp
0,上本　崇司,https://npb.jp/bis/players/31335137.html,1990.08.22,170,76,右,右,,Hiroshima Carp
2,田中　広輔,https://npb.jp/bis/players/61965139.html,1989.07.03,171,85,右,左,,Hiroshima Carp
4,矢野　雅哉,https://npb.jp/bis/players/93395153.html,1998.12.16,171,72,右,左,,Hiroshima Carp
5,小園　海斗,https://npb.jp/bis/players/01705138.html,2000.06.07,178,91,右,左,,Hiroshima Carp
7,堂林　翔太,https://npb.jp/bis/players/61965131.html,1991.08.17,184,96,右,右,,Hiroshima Carp
10,佐々木　泰,https://npb.jp/bis/players/11015150.html,2002.12.24,178,84,右,右,,Hiroshima Carp
33,菊池　涼介,https://npb.jp/bis/players/61565135.html,1990.03.11,171,71,右,右,,Hiroshima Carp
44,林　晃汰,https://npb.jp/bis/players/01405138.html,2000.11.16,181,98,右,左,,Hiroshima Carp
49,渡邉　悠斗,https://npb.jp/bis/players/13515150.html,2002.07.07,182,103,右,右,,Hiroshima Carp
54,韮澤　雄也,https://npb.jp/bis/players/01405151.html,2001.05.20,175,85,右,左,,Hiroshima Carp
58,仲田　侑仁,https://npb.jp/bis/players/41445159.html,2005.07.31,187,107,右,右,,Hiroshima Carp
63,内田　湘大,https://npb.jp/bis/players/51355157.html,2004.09.22,183,97,右,右,,Hiroshima Carp
69,山足　達也,https://npb.jp/bis/players/13115136.html,1993.10.26,174,76,右,右,,Hiroshima Carp
93,前川　誠太,https://npb.jp/bis/players/41845155.html,2003.04.04,176,69,右,右,7/28 育成選手から支配下選手へ移行,Hiroshima Carp
94,佐藤　啓介,https://npb.jp/bis/players/71975159.html,2001.05.24,182,90,右,左,,Hiroshima Carp
95,モンテロ,https://npb.jp/bis/players/53955150.html,1998.08.17,190,106,右,右,,Hiroshima Carp
99,二俣　翔一,https://npb.jp/bis/players/91895153.html,2002.10.21,180,78,右,右,,Hiroshima Carp
9,秋山　翔吾,https://npb.jp/bis/players/31135133.html,1988.04.16,184,86,右,左,,Hiroshima Carp
37,野間　峻祥,https://npb.jp/bis/players/01405130.html,1993.01.28,182,86,右,左,,Hiroshima Carp
38,宇草　孔基,https://npb.jp/bis/players/41345151.html,1997.04.17,185,84,右,左,,Hiroshima Carp
50,中村　健人,https://npb.jp/bis/players/01405155.html,1997.05.21,183,96,右,右,,Hiroshima Carp
52,末包　昇大,https://npb.jp/bis/players/51055155.html,1996.05.27,188,107,右,右,,Hiroshima Carp
55,松山　竜平,https://npb.jp/bis/players/01405116.html,1985.09.18,176,96,右,左,,Hiroshima Carp
56,久保　修,https://npb.jp/bis/players/81585157.html,2000.09.29,181,89,右,右,,Hiroshima Carp
59,大盛　穂,https://npb.jp/bis/players/21325138.html,1996.08.31,179,84,右,左,,Hiroshima Carp
60,田村　俊介,https://npb.jp/bis/players/61265155.html,2003.08.25,178,97,左,左,,Hiroshima Carp
61,ファビアン,https://npb.jp/bis/players/43745150.html,1998.03.06,180,81,右,右,,Hiroshima Carp
96,中村　奨成,https://npb.jp/bis/players/81285136.html,1999.06.06,181,86,右,右,,Hiroshima Carp
97,中村　貴浩,https://npb.jp/bis/players/61265157.html,2000.04.09,177,87,右,左,,Hiroshima Carp
120,杉田　健,https://npb.jp/bis/players/51055159.html,2001.08.28,188,84,右,右,,Hiroshima Carp
123,小船　翼,https://npb.jp/bis/players/91995150.html,2006.06.20,198,116,右,右,,Hiroshima Carp
126,竹下　海斗,https://npb.jp/bis/players/61265150.html,2006.11.06,180,76,左,左,,Hiroshima Carp
128,杉原　望来,https://npb.jp/bis/players/71075159.html,2005.09.23,175,78,左,左,,Hiroshima Carp
129,小林　樹斗,https://npb.jp/bis/players/61965153.html,2003.01.16,182,92,右,右,,Hiroshima Carp
122,安竹　俊喜,https://npb.jp/bis/players/23125150.html,2001.04.17,178,85,右,右,,Hiroshima Carp
130,ラミレス,https://npb.jp/bis/players/43045159.html,2002.02.01,191,124,右,右,,Hiroshima Carp
121,名原　典彦,https://npb.jp/bis/players/11415157.html,2000.06.24,182,80,右,右,,Hiroshima Carp
131,ロベルト,https://npb.jp/bis/players/63065159.html,2000.10.27,191,104,右,右,,Hiroshima Carp
81,三浦　大輔,1973.12.25,,,DeNA BayStars
11,東　克樹,https://npb.jp/bis/players/51155136.html,1995.11.29,170,80,左,左,,DeNA BayStars
12,竹田　祐,https://npb.jp/bis/players/11415150.html,1999.07.05,184,96,右,右,,DeNA BayStars
13,伊勢　大夢,https://npb.jp/bis/players/41145151.html,1998.03.07,183,94,右,右,,DeNA BayStars
14,石田　健大,https://npb.jp/bis/players/11315130.html,1993.03.01,180,85,左,左,,DeNA BayStars
15,徳山　壮磨,https://npb.jp/bis/players/81285155.html,1999.06.06,183,87,右,右,,DeNA BayStars
16,大貫　晋一,https://npb.jp/bis/players/01305138.html,1994.02.03,181,76,右,右,,DeNA BayStars
17,三嶋　一輝,https://npb.jp/bis/players/41245137.html,1990.05.07,175,80,右,左右,,DeNA BayStars
18,小園　健太,https://npb.jp/bis/players/31935155.html,2003.04.09,185,90,右,右,,DeNA BayStars
19,山﨑　康晃,https://npb.jp/bis/players/41845130.html,1992.10.02,179,88,右,右,,DeNA BayStars
20,坂本　裕哉,https://npb.jp/bis/players/11015151.html,1997.07.28,180,87,左,左,,DeNA BayStars
22,入江　大生,https://npb.jp/bis/players/61365153.html,1998.08.26,187,90,右,右,,DeNA BayStars
24,吉野　光樹,https://npb.jp/bis/players/33535157.html,1998.07.19,176,80,右,右,,DeNA BayStars
27,藤浪　晋太郎,https://npb.jp/bis/players/41045137.html,1994.04.12,197,98,右,右,7/18 支配下選手登録,DeNA BayStars
30,篠木　健太郎,https://npb.jp/bis/players/41045150.html,2002.05.07,177,80,右,左,,DeNA BayStars
33,武田　陸玖,https://npb.jp/bis/players/91295159.html,2005.06.06,173,78,左,左,9/4 守備位置登録：外野手→投手に変更,DeNA BayStars
34,松本　凌人,https://npb.jp/bis/players/23125159.html,2001.12.05,185,92,右,右,,DeNA BayStars
35,橋本　達弥,https://npb.jp/bis/players/31635157.html,2000.07.18,181,84,右,右,7/26 育成選手から支配下選手へ移行,DeNA BayStars
36,森下　瑠大,https://npb.jp/bis/players/63165157.html,2004.09.19,180,75,左,左,,DeNA BayStars
38,森　唯斗,https://npb.jp/bis/players/01405139.html,1992.01.08,175,91,右,右,,DeNA BayStars
39,若松　尚輝,https://npb.jp/bis/players/63365150.html,2000.05.10,184,93,右,右,,DeNA BayStars
40,松本　隆之介,https://npb.jp/bis/players/93195153.html,2002.07.31,188,94,左,左,,DeNA BayStars
41,佐々木　千隼,https://npb.jp/bis/players/71975134.html,1994.06.08,181,83,右,右,,DeNA BayStars
42,ジャクソン,https://npb.jp/bis/players/43745159.html,1996.05.01,190,95,右,右,,DeNA BayStars
45,森原　康平,https://npb.jp/bis/players/93195134.html,1991.12.26,185,88,右,左,,DeNA BayStars
46,坂口　翔颯,https://npb.jp/bis/players/61965150.html,2002.09.12,180,80,右,右,,DeNA BayStars
48,京山　将弥,https://npb.jp/bis/players/11715134.html,1998.07.04,183,80,右,右,,DeNA BayStars
52,浜地　真澄,https://npb.jp/bis/players/71675134.html,1998.05.25,185,88,右,右,,DeNA BayStars
53,颯,https://npb.jp/bis/players/21425153.html,1998.10.10,184,80,右,左,,DeNA BayStars
54,石田　裕太郎,https://npb.jp/bis/players/21125159.html,2002.01.22,180,74,右,右,,DeNA BayStars
59,平良　拳太郎,https://npb.jp/bis/players/01905139.html,1995.07.12,180,80,右,右,,DeNA BayStars
62,ウィック,https://npb.jp/bis/players/03505159.html,1992.11.09,190,106,右,左,,DeNA BayStars
64,中川　虎大,https://npb.jp/bis/players/21225136.html,1999.10.02,178,85,右,右,,DeNA BayStars
65,宮城　滝太,https://npb.jp/bis/players/51855138.html,2000.07.15,181,80,右,右,,DeNA BayStars
68,岩田　将貴,https://npb.jp/bis/players/81385153.html,1998.06.16,178,81,左,左,,DeNA BayStars
69,ケイ,https://npb.jp/bis/players/13715159.html,1995.03.21,183,102,左,左,,DeNA BayStars
91,庄司　陽斗,https://npb.jp/bis/players/81985159.html,2001.05.31,184,93,左,左,3/14 育成選手から支配下選手へ移行,DeNA BayStars
92,堀岡　隼人,https://npb.jp/bis/players/71875134.html,1998.09.11,183,87,右,右,,DeNA BayStars
93,ディアス,https://npb.jp/bis/players/43545151.html,1999.06.10,191,93,左,左,7/26 自由契約,DeNA BayStars
96,バウアー,https://npb.jp/bis/players/33235157.html,1991.01.17,185,92,右,右,2/28 支配下選手登録,DeNA BayStars
98,マルセリーノ,https://npb.jp/bis/players/33235155.html,2002.06.16,191,82,右,右,5/15 育成選手から支配下選手へ移行,DeNA BayStars
5,松尾　汐恩,https://npb.jp/bis/players/21825157.html,2004.07.06,178,82,右,右,,DeNA BayStars
10,戸柱　恭孝,https://npb.jp/bis/players/41245132.html,1990.04.11,179,90,右,左,,DeNA BayStars
29,伊藤　光,https://npb.jp/bis/players/81185116.html,1989.04.23,180,88,右,右,,DeNA BayStars
32,益子　京右,https://npb.jp/bis/players/91695138.html,2000.12.27,176,95,右,右,,DeNA BayStars
50,山本　祐大,https://npb.jp/bis/players/23125136.html,1998.09.11,180,87,右,右,,DeNA BayStars
57,東妻　純平,https://npb.jp/bis/players/51155151.html,2001.07.03,174,83,右,右,,DeNA BayStars
95,九鬼　隆平,https://npb.jp/bis/players/31735134.html,1998.09.05,180,85,右,右,3/14 育成選手から支配下選手へ移行,DeNA BayStars
00,林　琢真,https://npb.jp/bis/players/91695157.html,2000.08.24,171,80,右,左,,DeNA BayStars
2,牧　秀悟,https://npb.jp/bis/players/13115153.html,1998.04.21,178,97,右,右,,DeNA BayStars
3,オースティン,https://npb.jp/bis/players/73375151.html,1991.09.06,188,100,右,右,,DeNA BayStars
6,森　敬斗,https://npb.jp/bis/players/33135151.html,2002.01.28,177,80,右,左,,DeNA BayStars
9,京田　陽太,https://npb.jp/bis/players/81585134.html,1994.04.20,184,90,右,左,,DeNA BayStars
26,三森　大貴,https://npb.jp/bis/players/33135134.html,1999.02.21,186,76,右,左,,DeNA BayStars
31,柴田　竜拓,https://npb.jp/bis/players/41945132.html,1993.12.16,167,68,右,左,,DeNA BayStars
37,加藤　響,https://npb.jp/bis/players/21525150.html,2002.06.15,180,85,右,右,,DeNA BayStars
44,石上　泰輝,https://npb.jp/bis/players/91195159.html,2001.05.18,172,85,右,左,,DeNA BayStars
51,宮﨑　敏郎,https://npb.jp/bis/players/51455137.html,1988.12.12,172,85,右,右,,DeNA BayStars
55,井上　絢登,https://npb.jp/bis/players/31335159.html,2000.02.23,178,90,右,左,,DeNA BayStars
56,田内　真翔,https://npb.jp/bis/players/91495150.html,2007.03.06,177,79,右,右,,DeNA BayStars
60,知野　直人,https://npb.jp/bis/players/91095138.html,1999.02.16,182,85,右,右,,DeNA BayStars
66,ビシエド,https://npb.jp/bis/players/13715132.html,1989.03.10,185,108,右,右,7/20 支配下選手登録,DeNA BayStars
99,フォード,https://npb.jp/bis/players/03205159.html,1992.07.04,183,102,右,左,7/11 支配下選手登録,DeNA BayStars
1,桑原　将志,https://npb.jp/bis/players/51755135.html,1993.07.21,174,80,右,右,,DeNA BayStars
4,度会　隆輝,https://npb.jp/bis/players/33535159.html,2002.10.04,183,83,右,左,,DeNA BayStars
7,佐野　恵太,https://npb.jp/bis/players/91995134.html,1994.11.28,178,88,右,左,,DeNA BayStars
8,神里　和毅,https://npb.jp/bis/players/71575136.html,1994.01.17,179,86,右,左,,DeNA BayStars
25,筒香　嘉智,https://npb.jp/bis/players/41945131.html,1991.11.26,185,97,右,左,,DeNA BayStars
28,勝又　温史,https://npb.jp/bis/players/41545138.html,2000.05.22,180,90,右,左,,DeNA BayStars
58,梶原　昂希,https://npb.jp/bis/players/51555155.html,1999.09.19,189,90,右,左,,DeNA BayStars
61,蝦名　達夫,https://npb.jp/bis/players/51555151.html,1997.09.20,185,88,右,右,,DeNA BayStars
63,関根　大気,https://npb.jp/bis/players/31935139.html,1995.06.28,173,78,左,左,,DeNA BayStars
043,深沢　鳳介,https://npb.jp/bis/players/61665155.html,2003.11.05,177,80,右,右,,DeNA BayStars
101,草野　陽斗,https://npb.jp/bis/players/61565157.html,2004.06.07,175,87,右,右,,DeNA BayStars
102,清水　麻成,https://npb.jp/bis/players/41945159.html,2005.10.06,187,84,右,右,,DeNA BayStars
103,金渕　光希,https://npb.jp/bis/players/41545150.html,2006.10.01,183,87,左,左,,DeNA BayStars
108,今野　瑠斗,https://npb.jp/bis/players/01705157.html,2004.07.13,182,93,右,右,,DeNA BayStars
111,吉岡　暖,https://npb.jp/bis/players/73375150.html,2006.08.28,182,88,右,右,,DeNA BayStars
199,笠谷　俊介,https://npb.jp/bis/players/01505130.html,1997.03.17,173,74,左,左,,DeNA BayStars
127,上甲　凌大,https://npb.jp/bis/players/01905157.html,2001.01.29,184,90,右,左,,DeNA BayStars
130,近藤　大雅,https://npb.jp/bis/players/81785159.html,2005.09.18,174,87,右,右,,DeNA BayStars
100,蓮,https://npb.jp/bis/players/93595157.html,2004.07.18,183,92,右,右,,DeNA BayStars
125,小笠原　蒼,https://npb.jp/bis/players/31535159.html,2005.10.20,180,96,右,左,,DeNA BayStars
129,西巻　賢二,https://npb.jp/bis/players/71475136.html,1999.04.22,167,70,右,右,,DeNA BayStars
133,粟飯原　龍之介,https://npb.jp/bis/players/31135155.html,2004.02.22,180,85,右,左,,DeNA BayStars
193,高見澤　郁魅,https://npb.jp/bis/players/11215159.html,2006.01.18,183,85,右,左,,DeNA BayStars
155,小針　大輝,https://npb.jp/bis/players/71975150.html,2006.10.10,191,94,左,左,,DeNA BayStars
83,阿部　慎之助,1979.03.20,,,Yomiuri Giants
11,田中　将大,https://npb.jp/bis/players/11215114.html,1988.11.01,188,97,右,右,,Yomiuri Giants
15,大勢,https://npb.jp/bis/players/81085155.html,1999.06.29,183,90,右,右,,Yomiuri Giants
17,西舘　勇陽,https://npb.jp/bis/players/31635159.html,2002.03.11,185,79,右,右,,Yomiuri Giants
19,山﨑　伊織,https://npb.jp/bis/players/03305153.html,1998.10.10,181,81,右,左,,Yomiuri Giants
20,戸郷　翔征,https://npb.jp/bis/players/41045138.html,2000.04.04,187,85,右,右,,Yomiuri Giants
26,今村　信貴,https://npb.jp/bis/players/31335135.html,1994.03.15,180,90,左,左,,Yomiuri Giants
28,高橋　礼,https://npb.jp/bis/players/01005136.html,1995.11.02,187,90,右,右,,Yomiuri Giants
29,グリフィン,https://npb.jp/bis/players/03705157.html,1995.07.27,190,102,左,左,,Yomiuri Giants
30,近藤　大亮,https://npb.jp/bis/players/81785132.html,1991.05.29,177,80,右,右,,Yomiuri Giants
31,赤星　優志,https://npb.jp/bis/players/51155155.html,1999.07.02,175,82,右,右,,Yomiuri Giants
33,ケラー,https://npb.jp/bis/players/73975155.html,1993.04.28,193,92,右,右,,Yomiuri Giants
36,馬場　皐輔,https://npb.jp/bis/players/41445136.html,1995.05.18,180,97,右,右,,Yomiuri Giants
41,中川　皓太,https://npb.jp/bis/players/81285132.html,1994.02.24,183,86,左,左,,Yomiuri Giants
45,田中　瑛斗,https://npb.jp/bis/players/61065136.html,1999.07.13,184,84,右,左,,Yomiuri Giants
46,又木　鉄平,https://npb.jp/bis/players/33135159.html,1999.02.12,182,92,左,左,,Yomiuri Giants
47,森田　駿哉,https://npb.jp/bis/players/43345159.html,1997.02.11,185,88,左,左,,Yomiuri Giants
48,田中　千晴,https://npb.jp/bis/players/91095157.html,2000.09.21,189,85,右,右,,Yomiuri Giants
49,バルドナード,https://npb.jp/bis/players/23225157.html,1993.02.01,196,122,左,左,,Yomiuri Giants
53,高梨　雄平,https://npb.jp/bis/players/91095134.html,1992.07.13,175,86,左,左,,Yomiuri Giants
57,宮原　駿介,https://npb.jp/bis/players/13115150.html,2002.09.12,174,85,左,左,,Yomiuri Giants
58,船迫　大雅,https://npb.jp/bis/players/31835157.html,1996.10.16,174,80,右,左,,Yomiuri Giants
62,横川　凱,https://npb.jp/bis/players/81885138.html,2000.08.30,190,98,左,左,,Yomiuri Giants
63,泉　圭輔,https://npb.jp/bis/players/01105138.html,1997.03.02,188,82,右,右,,Yomiuri Giants
64,大江　竜聖,https://npb.jp/bis/players/71375134.html,1999.01.15,173,82,左,左,5/12 ソフトバンクへ移籍,Yomiuri Giants
64,山田　龍聖,https://npb.jp/bis/players/53555155.html,2000.09.07,183,82,左,左,3/11 くふうハヤテへ派遣（3/11～5/28）、6/9 育成選手から支配下選手へ移行,Yomiuri Giants
65,石川　達也,https://npb.jp/bis/players/61165153.html,1998.04.15,178,75,左,右,,Yomiuri Giants
66,平内　龍太,https://npb.jp/bis/players/21825153.html,1998.08.01,185,99,右,右,,Yomiuri Giants
68,菊地　大稀,https://npb.jp/bis/players/31735155.html,1999.06.02,186,89,右,左,7/29 育成選手から支配下選手へ移行,Yomiuri Giants
90,石田　充冴,https://npb.jp/bis/players/41145150.html,2006.07.21,192,87,右,右,,Yomiuri Giants
91,堀田　賢慎,https://npb.jp/bis/players/21625151.html,2001.05.21,186,88,右,右,,Yomiuri Giants
92,マルティネス,https://npb.jp/bis/players/23925134.html,1996.10.11,193,93,右,左,,Yomiuri Giants
95,戸田　懐生,https://npb.jp/bis/players/91495153.html,2000.07.22,170,75,右,右,3/31 育成選手から支配下選手へ移行,Yomiuri Giants
97,井上　温大,https://npb.jp/bis/players/51355151.html,2001.05.13,175,85,左,左,,Yomiuri Giants
99,京本　眞,https://npb.jp/bis/players/91795155.html,2004.02.06,189,88,右,右,,Yomiuri Giants
10,甲斐　拓也,https://npb.jp/bis/players/91595133.html,1992.11.05,170,87,右,右,,Yomiuri Giants
22,小林　誠司,https://npb.jp/bis/players/91795139.html,1989.06.07,178,86,右,右,,Yomiuri Giants
24,大城　卓三,https://npb.jp/bis/players/21325136.html,1993.02.11,187,95,右,左,,Yomiuri Giants
27,岸田　行倫,https://npb.jp/bis/players/91595136.html,1996.10.10,176,88,右,右,,Yomiuri Giants
37,郡　拓也,https://npb.jp/bis/players/91795134.html,1998.04.25,179,88,右,右,,Yomiuri Giants
67,山瀬　慎之助,https://npb.jp/bis/players/03105151.html,2001.05.04,177,89,右,右,,Yomiuri Giants
94,喜多　隆介,https://npb.jp/bis/players/31935153.html,1998.08.25,179,93,右,右,,Yomiuri Giants
00,湯浅　大,https://npb.jp/bis/players/43145136.html,2000.01.24,172,73,右,右,,Yomiuri Giants
0,増田　大輝,https://npb.jp/bis/players/51855132.html,1993.07.29,172,68,右,右,,Yomiuri Giants
2,吉川　尚輝,https://npb.jp/bis/players/73375134.html,1995.02.08,177,82,右,左,,Yomiuri Giants
5,門脇　誠,https://npb.jp/bis/players/11515157.html,2001.01.24,171,76,右,左,,Yomiuri Giants
6,坂本　勇人,https://npb.jp/bis/players/51955114.html,1988.12.14,186,86,右,右,,Yomiuri Giants
23,石塚　裕惺,https://npb.jp/bis/players/61165150.html,2006.04.06,182,84,右,右,,Yomiuri Giants
25,岡本　和真,https://npb.jp/bis/players/11515130.html,1996.06.30,186,100,右,右,,Yomiuri Giants
32,浦田　俊輔,https://npb.jp/bis/players/81385150.html,2002.08.30,171,67,右,左,,Yomiuri Giants
35,泉口　友汰,https://npb.jp/bis/players/61165159.html,1999.05.17,178,84,右,左,,Yomiuri Giants
40,中山　礼都,https://npb.jp/bis/players/51655153.html,2002.04.12,182,82,右,左,,Yomiuri Giants
52,リチャード,https://npb.jp/bis/players/11015136.html,1999.06.18,189,123,右,右,5/12 ソフトバンクより移籍,Yomiuri Giants
55,秋広　優人,https://npb.jp/bis/players/71175153.html,2002.09.17,200,100,右,左,5/12 ソフトバンクへ移籍,Yomiuri Giants
60,荒巻　悠,https://npb.jp/bis/players/71175150.html,2002.12.23,184,93,右,左,,Yomiuri Giants
61,増田　陸,https://npb.jp/bis/players/01605138.html,2000.06.17,179,88,右,右,,Yomiuri Giants
7,長野　久義,https://npb.jp/bis/players/91995131.html,1984.12.06,180,85,右,右,,Yomiuri Giants
8,丸　佳浩,https://npb.jp/bis/players/21425116.html,1989.04.11,177,94,右,左,,Yomiuri Giants
12,萩尾　匡也,https://npb.jp/bis/players/81485157.html,2000.12.28,180,85,右,右,,Yomiuri Giants
13,キャベッジ,https://npb.jp/bis/players/73575150.html,1997.05.03,188,92,右,左,,Yomiuri Giants
38,岡田　悠希,https://npb.jp/bis/players/81385155.html,2000.01.19,184,86,右,左,,Yomiuri Giants
39,フルプ,https://npb.jp/bis/players/83285159.html,1999.01.09,193,99,右,右,7/12 育成選手から支配下選手へ移行,Yomiuri Giants
42,ヘルナンデス,https://npb.jp/bis/players/33235159.html,1994.11.21,185,89,右,右,,Yomiuri Giants
43,重信　慎之介,https://npb.jp/bis/players/21925132.html,1993.04.17,173,74,右,左,,Yomiuri Giants
44,佐々木　俊輔,https://npb.jp/bis/players/51955159.html,1999.11.06,174,80,右,左,,Yomiuri Giants
50,オコエ　瑠偉,https://npb.jp/bis/players/01505132.html,1997.07.21,185,100,右,右,,Yomiuri Giants
51,浅野　翔吾,https://npb.jp/bis/players/91195157.html,2004.11.24,171,86,右,右,,Yomiuri Giants
54,乙坂　智,https://npb.jp/bis/players/41345135.html,1994.01.06,183,83,右,左,7/12 支配下選手登録,Yomiuri Giants
59,若林　楽人,https://npb.jp/bis/players/53555153.html,1998.04.13,177,83,右,右,,Yomiuri Giants
69,笹原　操希,https://npb.jp/bis/players/21925155.html,2004.02.09,180,86,右,右,4/14 育成選手から支配下選手へ移行,Yomiuri Giants
96,三塚　琉生,https://npb.jp/bis/players/13115157.html,2004.05.10,182,93,左,左,6/13 育成選手から支配下選手へ移行,Yomiuri Giants
98,鈴木　大和,https://npb.jp/bis/players/91095155.html,1999.04.27,173,73,右,右,6/9 育成選手から支配下選手へ移行,Yomiuri Giants
012,三浦　克也,https://npb.jp/bis/players/43145159.html,2001.04.28,179,80,左,左,,Yomiuri Giants
014,堀江　正太郎,https://npb.jp/bis/players/21825150.html,2006.10.08,187,88,右,右,,Yomiuri Giants
015,鈴木　圭晋,https://npb.jp/bis/players/21225150.html,2006.07.09,183,85,右,左,,Yomiuri Giants
016,千葉　隆広,https://npb.jp/bis/players/41245159.html,2005.05.15,174,82,左,左,,Yomiuri Giants
018,木下　幹也,https://npb.jp/bis/players/71975153.html,2002.05.01,185,95,右,右,,Yomiuri Giants
019,園田　純規,https://npb.jp/bis/players/21025159.html,2005.07.07,184,75,右,右,,Yomiuri Giants
021,松井　颯,https://npb.jp/bis/players/01805157.html,2000.09.14,178,83,右,右,,Yomiuri Giants
023,田村　朋輝,https://npb.jp/bis/players/41045157.html,2004.04.06,184,86,右,右,6/6 くふうハヤテへ派遣（シーズン終了まで）,Yomiuri Giants
026,吉村　優聖歩,https://npb.jp/bis/players/73575157.html,2004.12.08,181,84,左,左,,Yomiuri Giants
028,富田　龍,https://npb.jp/bis/players/11415155.html,1999.11.11,179,78,左,左,,Yomiuri Giants
029,西川　歩,https://npb.jp/bis/players/01605150.html,2006.11.15,169,76,左,左,,Yomiuri Giants
030,吹田　志道,https://npb.jp/bis/players/51855150.html,2007.02.21,188,84,右,右,,Yomiuri Giants
034,森本　哲星,https://npb.jp/bis/players/13315157.html,2004.09.03,175,77,左,左,,Yomiuri Giants
035,ルシアーノ,https://npb.jp/bis/players/03005157.html,2000.02.15,190,95,右,右,,Yomiuri Giants
041,黄　錦豪,https://npb.jp/bis/players/73275159.html,2005.12.04,184,77,左,左,,Yomiuri Giants
042,グズマン,https://npb.jp/bis/players/83085150.html,2006.12.30,189,90,左,左,8/1 育成選手登録,Yomiuri Giants
047,鴨打　瑛二,https://npb.jp/bis/players/41545155.html,2004.02.29,195,100,左,左,,Yomiuri Giants
054,直江　大輔,https://npb.jp/bis/players/11215138.html,2000.06.20,185,87,右,右,,Yomiuri Giants
063,花田　侑樹,https://npb.jp/bis/players/71675155.html,2003.06.25,181,74,右,左,,Yomiuri Giants
068,代木　大和,https://npb.jp/bis/players/11015155.html,2003.09.08,184,93,左,左,,Yomiuri Giants
077,石田　隼都,https://npb.jp/bis/players/81185155.html,2003.04.05,183,85,左,左,,Yomiuri Giants
006,坂本　勇人,https://npb.jp/bis/players/71075153.html,2002.04.15,177,84,右,右,,Yomiuri Giants
010,大津　綾也,https://npb.jp/bis/players/41345155.html,2003.05.28,175,77,右,右,,Yomiuri Giants
022,亀田　啓太,https://npb.jp/bis/players/21525155.html,1999.04.09,185,97,右,右,,Yomiuri Giants
024,坂本　達也,https://npb.jp/bis/players/81985150.html,2002.08.31,173,76,右,右,,Yomiuri Giants
002,中田　歩夢,https://npb.jp/bis/players/01205157.html,2004.06.27,172,77,右,右,,Yomiuri Giants
004,村山　源,https://npb.jp/bis/players/03305159.html,2005.06.27,179,66,右,右,,Yomiuri Giants
005,田上　優弥,https://npb.jp/bis/players/21225159.html,2005.06.08,180,90,右,右,,Yomiuri Giants
007,宇都宮　葵星,https://npb.jp/bis/players/01305159.html,2004.06.23,175,70,右,左,,Yomiuri Giants
008,相澤　白虎,https://npb.jp/bis/players/31135157.html,2004.05.28,178,84,右,右,,Yomiuri Giants
025,竹下　徠空,https://npb.jp/bis/players/81285150.html,2006.11.12,183,98,右,右,,Yomiuri Giants
027,北村　流音,https://npb.jp/bis/players/21525157.html,2005.02.20,174,78,右,右,,Yomiuri Giants
013,ティマ,https://npb.jp/bis/players/13015153.html,2004.09.25,194,106,右,右,,Yomiuri Giants
033,平山　功太,https://npb.jp/bis/players/41645159.html,2004.03.16,185,82,右,右,,Yomiuri Giants
044,大城　元,https://npb.jp/bis/players/91395157.html,2004.07.12,181,81,右,右,,Yomiuri Giants
049,フェリス,https://npb.jp/bis/players/13215150.html,2002.09.07,200,127,左,左,8/1 育成選手登録,Yomiuri Giants
051,舟越　秀虎,https://npb.jp/bis/players/01605151.html,2001.08.23,182,71,右,左右,,Yomiuri Giants
22,髙津　臣吾,1968.11.25,,,Yakult Swallows
11,アビラ,https://npb.jp/bis/players/73075150.html,1997.01.14,180,95,右,右,2/28 支配下選手登録,Yakult Swallows
12,石山　泰稚,https://npb.jp/bis/players/21125137.html,1988.09.01,182,83,右,右,,Yakult Swallows
15,中村　優斗,https://npb.jp/bis/players/91695150.html,2003.02.08,176,86,右,左,,Yakult Swallows
17,清水　昇,https://npb.jp/bis/players/51955138.html,1996.10.15,180,95,右,左,,Yakult Swallows
18,奥川　恭伸,https://npb.jp/bis/players/31735151.html,2001.04.16,184,82,右,右,,Yakult Swallows
19,石川　雅規,https://npb.jp/bis/players/11315115.html,1980.01.22,167,73,左,左,,Yakult Swallows
20,木澤　尚文,https://npb.jp/bis/players/11915153.html,1998.04.25,183,90,右,右,,Yakult Swallows
21,吉村　貢司郎,https://npb.jp/bis/players/53555157.html,1998.01.19,183,85,右,右,,Yakult Swallows
24,星　知弥,https://npb.jp/bis/players/11815134.html,1994.04.15,183,91,右,右,,Yakult Swallows
26,山野　太一,https://npb.jp/bis/players/63365153.html,1999.03.24,173,81,左,左,,Yakult Swallows
28,松本　健吾,https://npb.jp/bis/players/03105159.html,1999.04.14,180,83,右,右,,Yakult Swallows
29,小川　泰弘,https://npb.jp/bis/players/11515137.html,1990.05.16,172,82,右,右,,Yakult Swallows
30,荘司　宏太,https://npb.jp/bis/players/91295150.html,2000.05.22,172,90,左,左,,Yakult Swallows
34,田口　麗斗,https://npb.jp/bis/players/41945139.html,1995.09.14,171,79,左,左,,Yakult Swallows
35,石原　勇輝,https://npb.jp/bis/players/41145159.html,2001.08.30,180,87,左,左,,Yakult Swallows
39,ランバート,https://npb.jp/bis/players/93995150.html,1997.04.18,188,94,右,右,,Yakult Swallows
40,高梨　裕稔,https://npb.jp/bis/players/21925139.html,1991.06.05,188,94,右,右,,Yakult Swallows
41,矢崎　拓也,https://npb.jp/bis/players/71575134.html,1994.12.31,176,99,右,右,,Yakult Swallows
43,山本　大貴,https://npb.jp/bis/players/93195136.html,1995.11.10,184,98,左,左,,Yakult Swallows
44,大西　広樹,https://npb.jp/bis/players/41545151.html,1997.11.08,175,92,右,右,,Yakult Swallows
45,小澤　怜史,https://npb.jp/bis/players/01705132.html,1998.03.09,182,87,右,左,,Yakult Swallows
47,高橋　奎二,https://npb.jp/bis/players/51055132.html,1997.05.14,180,83,左,左,,Yakult Swallows
48,金久保　優斗,https://npb.jp/bis/players/51555136.html,1999.11.04,185,87,右,左,,Yakult Swallows
49,山下　輝,https://npb.jp/bis/players/33535155.html,1999.09.12,188,98,左,左,,Yakult Swallows
52,原　樹理,https://npb.jp/bis/players/31635132.html,1993.07.19,180,79,右,右,,Yakult Swallows
53,長谷川　宙輝,https://npb.jp/bis/players/11615134.html,1998.08.23,176,86,左,左,,Yakult Swallows
56,坂本　拓己,https://npb.jp/bis/players/81785157.html,2004.07.06,180,85,左,左,,Yakult Swallows
58,バウマン,https://npb.jp/bis/players/93795150.html,1995.09.10,193,108,右,右,,Yakult Swallows
61,宮川　哲,https://npb.jp/bis/players/51855151.html,1995.10.10,177,86,右,右,,Yakult Swallows
62,竹山　日向,https://npb.jp/bis/players/91295155.html,2003.11.02,182,86,右,右,,Yakult Swallows
66,阪口　皓亮,https://npb.jp/bis/players/81785136.html,1999.08.15,188,90,右,左,,Yakult Swallows
68,丸山　翔大,https://npb.jp/bis/players/43145153.html,1998.08.22,194,90,右,左,,Yakult Swallows
69,下川　隼佑,https://npb.jp/bis/players/77575159.html,2000.03.22,176,88,右,右,5/1 育成選手から支配下選手へ移行,Yakult Swallows
71,沼田　翔平,https://npb.jp/bis/players/61265138.html,2000.06.24,175,80,右,右,7/9 育成選手から支配下選手へ移行,Yakult Swallows
99,青柳　晃洋,https://npb.jp/bis/players/71175132.html,1993.12.11,183,83,右,右,7/31 支配下選手登録,Yakult Swallows
2,古賀　優大,https://npb.jp/bis/players/01705134.html,1998.08.07,177,83,右,右,,Yakult Swallows
27,中村　悠平,https://npb.jp/bis/players/51255118.html,1990.06.17,176,79,右,右,,Yakult Swallows
32,松本　直樹,https://npb.jp/bis/players/51855136.html,1993.10.17,177,82,右,右,,Yakult Swallows
33,内山　壮真,https://npb.jp/bis/players/91595153.html,2002.06.30,172,76,右,右,,Yakult Swallows
57,矢野　泰二郎,https://npb.jp/bis/players/43145150.html,2002.05.22,178,82,右,右,,Yakult Swallows
65,鈴木　叶,https://npb.jp/bis/players/01005159.html,2006.03.21,181,81,右,右,,Yakult Swallows
90,中川　拓真,https://npb.jp/bis/players/01405153.html,2002.07.17,180,88,右,右,,Yakult Swallows
93,橋本　星哉,https://npb.jp/bis/players/11615157.html,2000.09.18,178,85,右,左,,Yakult Swallows
00,赤羽　由紘,https://npb.jp/bis/players/51155153.html,2000.06.29,176,83,右,右,,Yakult Swallows
1,山田　哲人,https://npb.jp/bis/players/91895133.html,1992.07.16,181,81,右,右,,Yakult Swallows
5,川端　慎吾,https://npb.jp/bis/players/31735112.html,1987.10.16,185,86,右,左,,Yakult Swallows
7,長岡　秀樹,https://npb.jp/bis/players/51455151.html,2001.09.26,175,82,右,左,,Yakult Swallows
8,茂木　栄五郎,https://npb.jp/bis/players/61865132.html,1994.02.14,173,78,右,左,,Yakult Swallows
10,宮本　丈,https://npb.jp/bis/players/01805136.html,1995.04.03,181,82,右,左,,Yakult Swallows
13,オスナ,https://npb.jp/bis/players/23525153.html,1992.12.12,188,106,右,右,,Yakult Swallows
36,西村　瑠伊斗,https://npb.jp/bis/players/91495157.html,2004.07.01,178,80,右,左,,Yakult Swallows
37,山野辺　翔,https://npb.jp/bis/players/21825138.html,1994.05.24,170,74,右,右,5/1 西武より移籍,Yakult Swallows
38,北村　拓己,https://npb.jp/bis/players/21525136.html,1995.08.29,181,90,右,右,,Yakult Swallows
50,北村　恵吾,https://npb.jp/bis/players/01505157.html,2000.12.18,182,90,右,右,,Yakult Swallows
54,田中　陽翔,https://npb.jp/bis/players/01405150.html,2006.06.25,183,88,右,左,,Yakult Swallows
55,村上　宗隆,https://npb.jp/bis/players/41845136.html,2000.02.02,188,97,右,左,,Yakult Swallows
60,武岡　龍世,https://npb.jp/bis/players/71275151.html,2001.05.28,179,77,右,左,,Yakult Swallows
67,伊藤　琉偉,https://npb.jp/bis/players/81185159.html,2002.09.11,180,78,右,右,,Yakult Swallows
0,並木　秀尊,https://npb.jp/bis/players/91695153.html,1999.03.23,170,72,右,右,,Yakult Swallows
3,西川　遥輝,https://npb.jp/bis/players/21225133.html,1992.04.16,181,82,右,左,,Yakult Swallows
4,丸山　和郁,https://npb.jp/bis/players/93195155.html,1999.07.18,174,80,左,左,,Yakult Swallows
9,塩見　泰隆,https://npb.jp/bis/players/71975136.html,1993.06.12,180,81,右,右,,Yakult Swallows
25,サンタナ,https://npb.jp/bis/players/53755153.html,1992.08.05,195,104,右,右,,Yakult Swallows
31,モイセエフ　ニキータ,https://npb.jp/bis/players/93195150.html,2006.11.29,182,87,左,左,,Yakult Swallows
42,澤井　廉,https://npb.jp/bis/players/51955157.html,2000.05.31,180,94,左,左,,Yakult Swallows
46,太田　賢吾,https://npb.jp/bis/players/81385130.html,1997.01.19,186,87,右,左,,Yakult Swallows
51,濱田　太貴,https://npb.jp/bis/players/91495138.html,2000.09.04,177,81,右,右,,Yakult Swallows
63,増田　珠,https://npb.jp/bis/players/11815136.html,1999.05.21,179,85,右,右,,Yakult Swallows
64,岩田　幸宏,https://npb.jp/bis/players/51355155.html,1997.07.31,175,79,左,左,,Yakult Swallows
012,廣澤　優,https://npb.jp/bis/players/11815150.html,2001.04.27,193,102,右,右,,Yakult Swallows
014,西舘　昂汰,https://npb.jp/bis/players/11615159.html,2001.06.09,189,94,右,右,,Yakult Swallows
016,西濱　勇星,https://npb.jp/bis/players/71475157.html,2002.11.23,181,80,右,左,,Yakult Swallows
017,翔聖,https://npb.jp/bis/players/53255159.html,2005.12.17,188,81,右,右,,Yakult Swallows
018,鈴木　康平,https://npb.jp/bis/players/51755136.html,1994.01.21,186,92,右,右,,Yakult Swallows
019,佐藤　琢磨,https://npb.jp/bis/players/61965155.html,2000.03.18,184,86,左,左,,Yakult Swallows
022,松本　龍之介,https://npb.jp/bis/players/61865150.html,2005.03.01,176,81,右,右,,Yakult Swallows
023,澤野　聖悠,https://npb.jp/bis/players/21025151.html,2002.03.09,186,94,右,左,,Yakult Swallows
025,根岸　辰昇,https://npb.jp/bis/players/41645150.html,2000.09.20,180,95,左,左,,Yakult Swallows
026,髙野　颯太,https://npb.jp/bis/players/81085159.html,2005.07.28,176,90,右,右,,Yakult Swallows
99,井上　一樹,1971.07.25,,,Chunichi Dragons
11,岡田　俊哉,https://npb.jp/bis/players/11515131.html,1991.12.05,178,69,左,左,5/1 育成選手から支配下選手へ移行,Chunichi Dragons
13,橋本　侑樹,https://npb.jp/bis/players/21425151.html,1998.01.08,180,80,左,左,,Chunichi Dragons
14,草加　勝,https://npb.jp/bis/players/91795159.html,2001.11.21,182,77,右,右,,Chunichi Dragons
16,岩嵜　翔,https://npb.jp/bis/players/31335116.html,1989.10.21,189,90,右,右,6/2 オリックスへ移籍,Chunichi Dragons
17,柳　裕也,https://npb.jp/bis/players/63165134.html,1994.04.22,180,85,右,右,,Chunichi Dragons
18,梅津　晃大,https://npb.jp/bis/players/81185138.html,1996.10.24,189,100,右,右,,Chunichi Dragons
19,髙橋　宏斗,https://npb.jp/bis/players/61265153.html,2002.08.09,186,86,右,右,,Chunichi Dragons
20,涌井　秀章,https://npb.jp/bis/players/31635110.html,1986.06.21,185,85,右,右,,Chunichi Dragons
21,金丸　夢斗,https://npb.jp/bis/players/61565150.html,2003.02.01,177,77,左,左,,Chunichi Dragons
22,大野　雄大,https://npb.jp/bis/players/11515133.html,1988.09.26,184,85,左,左,,Chunichi Dragons
26,仲地　礼亜,https://npb.jp/bis/players/41245157.html,2001.02.15,177,83,右,右,,Chunichi Dragons
28,森　博人,https://npb.jp/bis/players/53355153.html,1998.05.25,177,84,右,右,,Chunichi Dragons
29,松木平　優太,https://npb.jp/bis/players/73175153.html,2003.02.24,180,85,右,右,,Chunichi Dragons
30,根尾　昂,https://npb.jp/bis/players/81285138.html,2000.04.19,177,85,右,左,,Chunichi Dragons
32,伊藤　茉央,https://npb.jp/bis/players/61165157.html,2000.11.19,176,83,右,左,,Chunichi Dragons
33,祖父江　大輔,https://npb.jp/bis/players/91995139.html,1987.08.11,175,75,右,左,,Chunichi Dragons
34,福　敬登,https://npb.jp/bis/players/41645132.html,1992.06.16,181,98,左,左,,Chunichi Dragons
36,福田　幸之介,https://npb.jp/bis/players/31835159.html,2005.08.11,182,86,左,左,,Chunichi Dragons
38,松葉　貴大,https://npb.jp/bis/players/21225137.html,1990.08.14,179,82,左,左,,Chunichi Dragons
41,勝野　昌慶,https://npb.jp/bis/players/21525138.html,1997.06.12,183,95,右,右,,Chunichi Dragons
46,梅野　雄吾,https://npb.jp/bis/players/51355134.html,1999.01.13,177,86,右,右,,Chunichi Dragons
47,吉田　聖弥,https://npb.jp/bis/players/93395150.html,2002.05.23,176,80,左,左,,Chunichi Dragons
48,土生　翔太,https://npb.jp/bis/players/51655159.html,2001.03.10,180,93,右,右,,Chunichi Dragons
50,清水　達也,https://npb.jp/bis/players/01905136.html,1999.11.03,185,95,右,右,,Chunichi Dragons
52,マルテ,https://npb.jp/bis/players/13015150.html,1995.02.02,188,98,右,右,2/19 支配下選手登録,Chunichi Dragons
54,藤嶋　健人,https://npb.jp/bis/players/21625134.html,1998.05.08,177,90,右,右,,Chunichi Dragons
59,齋藤　綱記,https://npb.jp/bis/players/11915130.html,1996.12.18,182,92,左,左,,Chunichi Dragons
61,高橋　幸佑,https://npb.jp/bis/players/41245150.html,2006.12.31,177,82,左,左,,Chunichi Dragons
64,有馬　惠叶,https://npb.jp/bis/players/91195150.html,2006.09.20,190,78,右,右,,Chunichi Dragons
69,三浦　瑞樹,https://npb.jp/bis/players/23125155.html,1999.09.02,174,79,左,右,4/2 育成選手から支配下選手へ移行,Chunichi Dragons
70,近藤　廉,https://npb.jp/bis/players/11015153.html,1998.09.22,180,93,左,左,4/25 育成選手から支配下選手へ移行,Chunichi Dragons
90,松山　晋也,https://npb.jp/bis/players/61865157.html,2000.06.23,188,92,右,右,,Chunichi Dragons
91,メヒア,https://npb.jp/bis/players/93295157.html,1997.03.03,193,104,右,右,,Chunichi Dragons
93,マラー,https://npb.jp/bis/players/13915150.html,1997.10.07,201,118,左,右,,Chunichi Dragons
94,ウォルターズ,https://npb.jp/bis/players/63965150.html,1997.05.18,195,102,右,右,2/12 支配下選手登録,Chunichi Dragons
9,石伊　雄太,https://npb.jp/bis/players/21125150.html,2000.08.18,178,84,右,右,,Chunichi Dragons
35,木下　拓哉,https://npb.jp/bis/players/31735132.html,1991.12.18,183,95,右,右,,Chunichi Dragons
39,宇佐見　真吾,https://npb.jp/bis/players/61365132.html,1993.06.04,181,95,右,左,,Chunichi Dragons
43,味谷　大誠,https://npb.jp/bis/players/83185155.html,2003.06.14,180,85,右,左,,Chunichi Dragons
49,加藤　匠馬,https://npb.jp/bis/players/41545130.html,1992.04.29,175,85,右,右,,Chunichi Dragons
57,山浅　龍之介,https://npb.jp/bis/players/93395157.html,2004.04.21,175,82,右,左,,Chunichi Dragons
58,石橋　康太,https://npb.jp/bis/players/91195138.html,2000.12.07,181,95,右,右,,Chunichi Dragons
0,辻本　倫太郎,https://npb.jp/bis/players/61265159.html,2001.08.11,168,73,右,右,,Chunichi Dragons
2,田中　幹也,https://npb.jp/bis/players/21025157.html,2000.11.28,166,68,右,右,,Chunichi Dragons
3,高橋　周平,https://npb.jp/bis/players/91095135.html,1994.01.18,180,90,右,左,,Chunichi Dragons
4,カリステ,https://npb.jp/bis/players/93795157.html,1992.02.03,184,87,右,右,,Chunichi Dragons
5,村松　開人,https://npb.jp/bis/players/03105157.html,2001.01.06,172,80,右,左,,Chunichi Dragons
6,中田　翔,https://npb.jp/bis/players/61065116.html,1989.04.22,184,107,右,右,,Chunichi Dragons
7,福永　裕基,https://npb.jp/bis/players/81685157.html,1996.09.16,180,87,右,右,,Chunichi Dragons
23,チェイビス,https://npb.jp/bis/players/63065150.html,1995.08.11,178,96,右,右,7/24 支配下選手登録,Chunichi Dragons
25,石川　昂弥,https://npb.jp/bis/players/91195151.html,2001.06.22,186,100,右,右,,Chunichi Dragons
27,津田　啓史,https://npb.jp/bis/players/81285159.html,2002.11.23,181,88,右,右,,Chunichi Dragons
31,森　駿太,https://npb.jp/bis/players/03105150.html,2006.12.25,188,93,右,左,,Chunichi Dragons
45,土田　龍空,https://npb.jp/bis/players/51455153.html,2002.12.30,180,80,右,左,,Chunichi Dragons
60,山本　泰寛,https://npb.jp/bis/players/93195132.html,1993.10.10,176,76,右,右,,Chunichi Dragons
63,板山　祐太郎,https://npb.jp/bis/players/91395132.html,1994.03.27,180,88,右,左,,Chunichi Dragons
65,佐藤　龍世,https://npb.jp/bis/players/81785138.html,1997.01.15,174,85,右,右,6/17 西武より移籍,Chunichi Dragons
95,ロドリゲス,https://npb.jp/bis/players/03005159.html,2002.03.31,184,74,右,右,,Chunichi Dragons
97,樋口　正修,https://npb.jp/bis/players/21625157.html,1998.11.17,177,76,右,左,,Chunichi Dragons
00,尾田　剛樹,https://npb.jp/bis/players/71575159.html,2000.08.03,175,75,左,左,,Chunichi Dragons
1,岡林　勇希,https://npb.jp/bis/players/81585151.html,2002.02.22,175,75,右,左,,Chunichi Dragons
8,大島　洋平,https://npb.jp/bis/players/01305131.html,1985.11.09,176,75,左,左,,Chunichi Dragons
24,ボスラー,https://npb.jp/bis/players/83785150.html,1993.09.06,186,98,右,左,,Chunichi Dragons
37,濱　将乃介,https://npb.jp/bis/players/71675157.html,2000.05.03,181,83,右,左,,Chunichi Dragons
42,ブライト　健太,https://npb.jp/bis/players/71875155.html,1999.05.07,184,92,右,右,,Chunichi Dragons
44,川越　誠司,https://npb.jp/bis/players/81585132.html,1993.06.30,174,80,左,左,,Chunichi Dragons
51,上林　誠知,https://npb.jp/bis/players/91395139.html,1995.08.01,185,90,右,左,,Chunichi Dragons
53,駿太,https://npb.jp/bis/players/81785133.html,1993.03.05,180,85,右,左,,Chunichi Dragons
55,細川　成也,https://npb.jp/bis/players/31835134.html,1998.08.04,179,98,右,右,,Chunichi Dragons
66,鵜飼　航丞,https://npb.jp/bis/players/71375155.html,1999.05.30,183,100,右,右,,Chunichi Dragons
203,井上　剣也,https://npb.jp/bis/players/51355150.html,2006.12.20,178,80,右,右,,Chunichi Dragons
208,石川　翔,https://npb.jp/bis/players/21125136.html,1999.12.14,180,89,右,左,,Chunichi Dragons
212,野中　天翔,https://npb.jp/bis/players/41445157.html,2005.02.05,182,87,左,左,,Chunichi Dragons
213,森山　暁生,https://npb.jp/bis/players/33335157.html,2005.01.11,183,90,左,左,,Chunichi Dragons
216,菊田　翔友,https://npb.jp/bis/players/31735159.html,2003.09.25,182,88,右,右,,Chunichi Dragons
219,マルティネス,https://npb.jp/bis/players/33935150.html,2003.09.28,177,72,左,左,,Chunichi Dragons
215,日渡　騰輝,https://npb.jp/bis/players/81685159.html,2004.09.20,173,89,右,左,,Chunichi Dragons
202,中村　奈一輝,https://npb.jp/bis/players/71675150.html,2006.08.16,183,73,右,右,,Chunichi Dragons
207,星野　真生,https://npb.jp/bis/players/01805155.html,2003.12.01,176,82,右,右,,Chunichi Dragons
218,川上　理偉,https://npb.jp/bis/players/41545159.html,2001.03.10,178,85,右,右,,Chunichi Dragons
201,加藤　竜馬,https://npb.jp/bis/players/01505159.html,1999.05.13,185,102,右,左右,,Chunichi Dragons
209,福元　悠真,https://npb.jp/bis/players/31835155.html,1999.12.01,180,85,右,右,,Chunichi Dragons
220,モニエル,https://npb.jp/bis/players/83985159.html,2001.04.17,190,106,右,右,,Chunichi Dragons
71,岸田　護,1981.05.10,,,ORIX Buffaloes
00,エスピノーザ,https://npb.jp/bis/players/43545159.html,1998.03.09,183,86,右,右,,ORIX Buffaloes
11,山下　舜平大,https://npb.jp/bis/players/43345153.html,2002.07.16,190,100,右,右,,ORIX Buffaloes
12,東　晃平,https://npb.jp/bis/players/71175136.html,1999.12.14,178,90,右,右,,ORIX Buffaloes
13,寺西　成騎,https://npb.jp/bis/players/61465150.html,2002.10.18,186,85,右,右,,ORIX Buffaloes
14,宇田川　優希,https://npb.jp/bis/players/31535153.html,1998.11.10,184,92,右,右,,ORIX Buffaloes
15,椋木　蓮,https://npb.jp/bis/players/33335155.html,2000.01.22,179,86,右,右,,ORIX Buffaloes
16,平野　佳寿,https://npb.jp/bis/players/81285112.html,1984.03.08,186,88,右,右,,ORIX Buffaloes
17,曽谷　龍平,https://npb.jp/bis/players/81985157.html,2000.11.30,183,83,左,左,,ORIX Buffaloes
18,宮城　大弥,https://npb.jp/bis/players/71875151.html,2001.08.25,171,85,左,左,,ORIX Buffaloes
19,山岡　泰輔,https://npb.jp/bis/players/83185134.html,1995.09.22,172,68,右,左,,ORIX Buffaloes
20,阿部　翔太,https://npb.jp/bis/players/01105153.html,1992.11.03,178,80,右,左,,ORIX Buffaloes
21,山﨑　颯一郎,https://npb.jp/bis/players/33335134.html,1998.06.15,190,98,右,右,,ORIX Buffaloes
22,九里　亜蓮,https://npb.jp/bis/players/71775139.html,1991.09.01,188,98,右,右,,ORIX Buffaloes
23,吉田　輝星,https://npb.jp/bis/players/13115138.html,2001.01.12,175,83,右,右,,ORIX Buffaloes
26,齋藤　響介,https://npb.jp/bis/players/41745157.html,2004.11.18,177,72,右,右,,ORIX Buffaloes
28,富山　凌雅,https://npb.jp/bis/players/61065138.html,1997.05.03,178,88,左,左,,ORIX Buffaloes
29,田嶋　大樹,https://npb.jp/bis/players/41045136.html,1996.08.03,182,82,左,左,,ORIX Buffaloes
35,古田島　成龍,https://npb.jp/bis/players/41745159.html,1999.06.29,175,85,右,右,,ORIX Buffaloes
40,岩嵜　翔,https://npb.jp/bis/players/31335116.html,1989.10.21,189,90,右,右,6/2 中日より移籍,ORIX Buffaloes
42,マチャド,https://npb.jp/bis/players/43945159.html,1993.04.22,185,105,右,右,,ORIX Buffaloes
45,東山　玲士,https://npb.jp/bis/players/61665150.html,2000.05.05,180,83,右,右,,ORIX Buffaloes
46,本田　仁海,https://npb.jp/bis/players/61665136.html,1999.07.27,181,74,右,左,,ORIX Buffaloes
47,山口　廉王,https://npb.jp/bis/players/83185150.html,2006.05.14,193,97,右,右,,ORIX Buffaloes
48,東松　快征,https://npb.jp/bis/players/71475159.html,2005.04.29,179,86,左,左,,ORIX Buffaloes
49,片山　楽生,https://npb.jp/bis/players/01505150.html,2002.10.07,177,81,右,左,,ORIX Buffaloes
52,横山　楓,https://npb.jp/bis/players/03505155.html,1997.12.28,181,91,右,左右,7/31 育成選手から支配下選手へ移行,ORIX Buffaloes
56,小木田　敦也,https://npb.jp/bis/players/11915155.html,1998.10.10,173,83,右,右,,ORIX Buffaloes
57,山田　修義,https://npb.jp/bis/players/61465131.html,1991.09.19,185,95,左,左,,ORIX Buffaloes
58,井口　和朋,https://npb.jp/bis/players/31335132.html,1994.01.07,175,75,右,右,,ORIX Buffaloes
59,ペルドモ,https://npb.jp/bis/players/13215157.html,1993.05.09,188,84,右,右,,ORIX Buffaloes
60,本田　圭佑,https://npb.jp/bis/players/31835132.html,1993.04.24,180,80,右,右,,ORIX Buffaloes
66,博志,https://npb.jp/bis/players/61965136.html,1997.03.22,182,95,右,右,,ORIX Buffaloes
68,入山　海斗,https://npb.jp/bis/players/31335157.html,2000.05.26,177,78,右,右,7/31 育成選手から支配下選手へ移行,ORIX Buffaloes
93,佐藤　一磨,https://npb.jp/bis/players/51055151.html,2001.04.16,190,97,左,左,,ORIX Buffaloes
94,川瀬　堅斗,https://npb.jp/bis/players/41745153.html,2002.06.18,183,93,右,右,,ORIX Buffaloes
95,才木　海翔,https://npb.jp/bis/players/21725157.html,2000.06.10,182,85,右,右,,ORIX Buffaloes
96,髙島　泰都,https://npb.jp/bis/players/61065159.html,1999.12.03,181,88,右,右,,ORIX Buffaloes
98,権田　琉成,https://npb.jp/bis/players/61765159.html,2000.01.28,180,88,右,右,,ORIX Buffaloes
2,若月　健矢,https://npb.jp/bis/players/41645139.html,1995.10.04,180,88,右,右,,ORIX Buffaloes
4,森　友哉,https://npb.jp/bis/players/91495139.html,1995.08.08,170,85,右,左,,ORIX Buffaloes
32,福永　奨,https://npb.jp/bis/players/11815155.html,1999.07.28,175,87,右,右,,ORIX Buffaloes
37,石川　亮,https://npb.jp/bis/players/81185139.html,1995.07.20,181,87,右,右,,ORIX Buffaloes
44,頓宮　裕真,https://npb.jp/bis/players/81085138.html,1996.11.17,182,103,右,右,,ORIX Buffaloes
50,山中　稜真,https://npb.jp/bis/players/33335150.html,2000.12.14,178,83,右,左,,ORIX Buffaloes
62,堀　柊那,https://npb.jp/bis/players/81885159.html,2005.07.16,179,82,右,右,,ORIX Buffaloes
5,西野　真弘,https://npb.jp/bis/players/91495130.html,1990.08.02,167,71,右,左,,ORIX Buffaloes
6,宗　佑磨,https://npb.jp/bis/players/11815130.html,1996.06.07,181,83,右,左,,ORIX Buffaloes
9,野口　智哉,https://npb.jp/bis/players/81485155.html,1999.09.20,181,95,右,左,,ORIX Buffaloes
10,大城　滉二,https://npb.jp/bis/players/11515132.html,1993.06.14,175,80,右,右,,ORIX Buffaloes
24,紅林　弘太郎,https://npb.jp/bis/players/91995151.html,2002.02.07,187,94,右,右,,ORIX Buffaloes
25,内藤　鵬,https://npb.jp/bis/players/91295157.html,2004.10.05,180,103,右,右,,ORIX Buffaloes
30,廣岡　大志,https://npb.jp/bis/players/21625132.html,1997.04.09,185,92,右,右,,ORIX Buffaloes
31,太田　椋,https://npb.jp/bis/players/91395138.html,2001.02.14,181,84,右,右,,ORIX Buffaloes
34,横山　聖哉,https://npb.jp/bis/players/83385159.html,2005.10.28,181,86,右,左,,ORIX Buffaloes
54,ディアス,https://npb.jp/bis/players/83585150.html,2000.08.13,178,95,右,右,,ORIX Buffaloes
64,大里　昂生,https://npb.jp/bis/players/01305155.html,1999.07.07,178,76,右,左,,ORIX Buffaloes
67,中川　圭太,https://npb.jp/bis/players/51255138.html,1996.04.12,180,76,右,右,,ORIX Buffaloes
0,渡部　遼人,https://npb.jp/bis/players/63565155.html,1999.09.02,171,72,左,左,,ORIX Buffaloes
7,西川　龍馬,https://npb.jp/bis/players/71475132.html,1994.12.10,177,84,右,左,,ORIX Buffaloes
8,麦谷　祐介,https://npb.jp/bis/players/33135150.html,2002.07.27,180,81,右,左,,ORIX Buffaloes
27,元　謙太,https://npb.jp/bis/players/21925153.html,2002.05.17,186,88,右,右,,ORIX Buffaloes
33,杉澤　龍,https://npb.jp/bis/players/61965157.html,2000.06.02,175,80,右,左,,ORIX Buffaloes
36,オリバレス,https://npb.jp/bis/players/43945150.html,1996.03.06,185,88,右,右,2/10 支配下選手登録,ORIX Buffaloes
38,来田　涼斗,https://npb.jp/bis/players/51955153.html,2002.10.16,182,93,右,左,,ORIX Buffaloes
39,池田　陵真,https://npb.jp/bis/players/41145155.html,2003.08.24,171,83,右,右,,ORIX Buffaloes
41,佐野　皓大,https://npb.jp/bis/players/91995130.html,1996.09.02,182,80,右,右,,ORIX Buffaloes
61,茶野　篤政,https://npb.jp/bis/players/61065157.html,1999.08.04,175,80,右,左,,ORIX Buffaloes
65,福田　周平,https://npb.jp/bis/players/01605136.html,1992.08.08,167,65,右,左,,ORIX Buffaloes
99,杉本　裕太郎,https://npb.jp/bis/players/61965132.html,1991.04.05,190,104,右,右,,ORIX Buffaloes
017,陳　睦衡,https://npb.jp/bis/players/43545150.html,2006.03.23,181,84,右,左,,ORIX Buffaloes
041,寿賀　弘都,https://npb.jp/bis/players/31035159.html,2005.06.16,180,85,左,左,,ORIX Buffaloes
042,大江　海透,https://npb.jp/bis/players/61365159.html,2000.01.13,180,95,左,左,,ORIX Buffaloes
043,宮國　凌空,https://npb.jp/bis/players/63165159.html,2005.08.07,176,86,右,右,,ORIX Buffaloes
044,芦田　丈飛,https://npb.jp/bis/players/71175159.html,2000.02.09,185,95,右,右,,ORIX Buffaloes
053,上原　堆我,https://npb.jp/bis/players/41345150.html,2007.03.13,178,84,右,右,,ORIX Buffaloes
056,乾　健斗,https://npb.jp/bis/players/31335150.html,2006.06.28,188,88,右,右,,ORIX Buffaloes
122,村西　良太,https://npb.jp/bis/players/41845151.html,1997.06.06,174,76,右,左,,ORIX Buffaloes
128,前　佑囲斗,https://npb.jp/bis/players/41645151.html,2001.08.13,182,90,右,右,,ORIX Buffaloes
130,小野　泰己,https://npb.jp/bis/players/81385134.html,1994.05.30,184,83,右,右,,ORIX Buffaloes
135,河内　康介,https://npb.jp/bis/players/81585159.html,2005.04.16,180,76,右,右,,ORIX Buffaloes
034,村上　喬一朗,https://npb.jp/bis/players/93195157.html,2000.12.01,168,82,右,右,,ORIX Buffaloes
055,田島　光祐,https://npb.jp/bis/players/31435150.html,2000.04.09,174,80,右,右,,ORIX Buffaloes
045,河野　聡太,https://npb.jp/bis/players/11715159.html,2000.05.22,180,82,右,左,,ORIX Buffaloes
051,今坂　幸暉,https://npb.jp/bis/players/01305150.html,2006.10.19,178,83,右,左,,ORIX Buffaloes
052,清水　武蔵,https://npb.jp/bis/players/71275150.html,2003.04.14,173,78,右,右,,ORIX Buffaloes
124,遠藤　成,https://npb.jp/bis/players/71575151.html,2001.09.19,178,84,右,左,,ORIX Buffaloes
125,デール,https://npb.jp/bis/players/53055150.html,2000.09.11,188,90,右,右,2/20 育成選手登録,ORIX Buffaloes
126,香月　一也,https://npb.jp/bis/players/21525130.html,1996.04.16,176,83,右,左,,ORIX Buffaloes
153,宜保　翔,https://npb.jp/bis/players/51755138.html,2000.11.26,175,75,右,左,,ORIX Buffaloes
054,寺本　聖一,https://npb.jp/bis/players/81485150.html,2003.02.05,170,86,右,左,,ORIX Buffaloes
81,吉井　理人,1965.04.20,,,Lotte Marines
11,澤村　拓一,https://npb.jp/bis/players/81985133.html,1988.04.03,184,105,右,右,,Lotte Marines
12,石川　歩,https://npb.jp/bis/players/41145139.html,1988.04.11,186,80,右,右,,Lotte Marines
14,小島　和哉,https://npb.jp/bis/players/11515138.html,1996.07.07,178,85,左,左,,Lotte Marines
15,美馬　学,https://npb.jp/bis/players/01605133.html,1986.09.19,169,75,右,左,,Lotte Marines
16,種市　篤暉,https://npb.jp/bis/players/71275134.html,1998.09.07,183,88,右,右,,Lotte Marines
18,二木　康太,https://npb.jp/bis/players/21225139.html,1995.08.01,190,85,右,右,,Lotte Marines
19,唐川　侑己,https://npb.jp/bis/players/21525116.html,1989.07.05,181,90,右,右,,Lotte Marines
21,石川　柊太,https://npb.jp/bis/players/61165139.html,1991.12.27,185,88,右,右,,Lotte Marines
24,東妻　勇輔,https://npb.jp/bis/players/31135138.html,1996.04.04,172,80,右,右,,Lotte Marines
28,菊地　吏玖,https://npb.jp/bis/players/91595157.html,2000.06.13,183,93,右,左,,Lotte Marines
29,西野　勇士,https://npb.jp/bis/players/01205118.html,1991.03.06,183,90,右,右,,Lotte Marines
30,廣畑　敦也,https://npb.jp/bis/players/41645155.html,1997.12.03,175,83,右,右,,Lotte Marines
31,大谷　輝龍,https://npb.jp/bis/players/81385159.html,2000.07.11,180,81,右,右,,Lotte Marines
33,八木　彬,https://npb.jp/bis/players/23325155.html,1997.05.26,180,94,右,右,,Lotte Marines
34,高野　脩汰,https://npb.jp/bis/players/31035157.html,1998.08.13,184,88,左,左,,Lotte Marines
35,田中　晴也,https://npb.jp/bis/players/01005157.html,2004.06.06,186,92,右,左,,Lotte Marines
36,坂本　光士郎,https://npb.jp/bis/players/41745138.html,1994.09.09,179,80,左,左,,Lotte Marines
37,小野　郁,https://npb.jp/bis/players/51555130.html,1996.10.23,175,78,右,右,,Lotte Marines
40,西村　天裕,https://npb.jp/bis/players/91495136.html,1993.05.06,177,92,右,右,,Lotte Marines
41,一條　力真,https://npb.jp/bis/players/11315150.html,2003.02.10,190,90,右,左,,Lotte Marines
42,サモンズ,https://npb.jp/bis/players/03905150.html,1995.04.27,193,106,左,左,1/31 支配下選手登録,Lotte Marines
46,岩下　大輝,https://npb.jp/bis/players/91395130.html,1996.10.02,182,90,右,右,,Lotte Marines
47,鈴木　昭汰,https://npb.jp/bis/players/71275153.html,1998.09.07,175,80,左,左,,Lotte Marines
48,中村　稔弥,https://npb.jp/bis/players/01205138.html,1996.07.08,178,84,左,左,,Lotte Marines
52,益田　直也,https://npb.jp/bis/players/71675135.html,1989.10.25,179,80,右,右,,Lotte Marines
53,木村　優人,https://npb.jp/bis/players/71775159.html,2005.06.01,184,92,右,左,,Lotte Marines
54,ボス,https://npb.jp/bis/players/33035150.html,1992.06.26,186,97,右,右,2/20 支配下選手登録,Lotte Marines
56,中森　俊介,https://npb.jp/bis/players/31635153.html,2002.05.29,182,90,右,左,,Lotte Marines
58,河村　説人,https://npb.jp/bis/players/61765153.html,1997.06.18,192,87,右,右,,Lotte Marines
59,早坂　響,https://npb.jp/bis/players/91695159.html,2005.07.26,176,70,右,右,,Lotte Marines
60,横山　陸人,https://npb.jp/bis/players/23125151.html,2001.08.05,180,90,右,右,,Lotte Marines
62,坂井　遼,https://npb.jp/bis/players/41945150.html,2006.05.08,178,78,右,右,,Lotte Marines
64,廣池　康志郎,https://npb.jp/bis/players/81685150.html,2002.09.16,185,85,右,左,,Lotte Marines
66,澤田　圭佑,https://npb.jp/bis/players/01905134.html,1994.04.27,178,96,右,左,,Lotte Marines
91,吉川　悠斗,https://npb.jp/bis/players/83385157.html,2005.03.14,185,82,左,左,7/31 育成選手から支配下選手へ移行,Lotte Marines
92,国吉　佑樹,https://npb.jp/bis/players/01705131.html,1991.09.24,196,106,右,右,,Lotte Marines
97,ゲレーロ,https://npb.jp/bis/players/93995155.html,1991.01.09,203,112,右,右,,Lotte Marines
2,松川　虎生,https://npb.jp/bis/players/53155155.html,2003.10.20,178,98,右,右,,Lotte Marines
27,田村　龍弘,https://npb.jp/bis/players/41945137.html,1994.05.13,172,81,右,右,,Lotte Marines
32,佐藤　都志也,https://npb.jp/bis/players/71075151.html,1998.01.27,181,91,右,左,,Lotte Marines
45,植田　将太,https://npb.jp/bis/players/91395151.html,1997.12.18,180,86,右,右,,Lotte Marines
55,柿沼　友哉,https://npb.jp/bis/players/21525132.html,1993.05.12,180,86,右,右,,Lotte Marines
65,寺地　隆成,https://npb.jp/bis/players/51455159.html,2005.08.19,177,82,右,左,,Lotte Marines
00,池田　来翔,https://npb.jp/bis/players/21125155.html,1999.12.11,180,95,右,右,,Lotte Marines
4,友杉　篤輝,https://npb.jp/bis/players/71275157.html,2000.11.07,171,70,右,右,,Lotte Marines
5,安田　尚憲,https://npb.jp/bis/players/81885136.html,1999.04.15,188,100,右,左,,Lotte Marines
7,藤岡　裕大,https://npb.jp/bis/players/41645136.html,1993.08.08,178,86,右,左,,Lotte Marines
8,中村　奨吾,https://npb.jp/bis/players/51455130.html,1992.05.28,180,86,右,右,,Lotte Marines
10,上田　希由翔,https://npb.jp/bis/players/71375159.html,2001.08.12,183,96,右,左,,Lotte Marines
39,大下　誠一郎,https://npb.jp/bis/players/91595151.html,1997.11.03,171,89,右,右,,Lotte Marines
43,石垣　雅海,https://npb.jp/bis/players/41145134.html,1998.09.21,181,88,右,右,,Lotte Marines
44,宮崎　竜成,https://npb.jp/bis/players/81885150.html,2000.12.09,173,90,右,左,,Lotte Marines
49,立松　由宇,https://npb.jp/bis/players/71475150.html,1999.02.05,177,82,右,左,,Lotte Marines
57,小川　龍成,https://npb.jp/bis/players/11715153.html,1998.04.05,171,74,右,左,,Lotte Marines
67,茶谷　健太,https://npb.jp/bis/players/71275132.html,1998.01.16,186,88,右,右,,Lotte Marines
68,金田　優太,https://npb.jp/bis/players/31535157.html,2005.02.12,183,83,右,左,,Lotte Marines
99,ソト,https://npb.jp/bis/players/03505136.html,1989.02.28,185,97,右,右,,Lotte Marines
0,荻野　貴司,https://npb.jp/bis/players/71575131.html,1985.10.21,172,75,右,右,,Lotte Marines
1,藤原　恭大,https://npb.jp/bis/players/31635138.html,2000.05.06,181,80,左,左,,Lotte Marines
3,角中　勝也,https://npb.jp/bis/players/41545114.html,1987.05.25,180,85,右,左,,Lotte Marines
6,西川　史礁,https://npb.jp/bis/players/21625150.html,2003.03.25,182,88,右,右,,Lotte Marines
22,ポランコ,https://npb.jp/bis/players/63065155.html,1991.09.14,196,108,左,左,,Lotte Marines
23,石川　慎吾,https://npb.jp/bis/players/01105135.html,1993.04.27,178,80,右,右,,Lotte Marines
25,岡　大海,https://npb.jp/bis/players/11515139.html,1991.07.15,185,80,右,右,,Lotte Marines
38,髙部　瑛斗,https://npb.jp/bis/players/11215151.html,1997.12.11,178,72,右,左,,Lotte Marines
50,愛斗,https://npb.jp/bis/players/31535132.html,1997.04.06,177,92,右,右,,Lotte Marines
51,山口　航輝,https://npb.jp/bis/players/91895138.html,2000.08.18,183,100,右,右,,Lotte Marines
61,山本　大斗,https://npb.jp/bis/players/33535153.html,2002.08.09,180,88,右,右,,Lotte Marines
63,和田　康士朗,https://npb.jp/bis/players/33335136.html,1999.01.14,185,77,左,左,,Lotte Marines
69,アセベド,https://npb.jp/bis/players/23925150.html,2002.08.02,195,104,右,右,2/4 育成選手登録、7/25 育成選手から支配下選手へ移行,Lotte Marines
120,田中　楓基,https://npb.jp/bis/players/21225155.html,2003.08.23,180,75,右,右,,Lotte Marines
121,本前　郁也,https://npb.jp/bis/players/13115151.html,1997.10.02,176,82,左,左,,Lotte Marines
122,森　遼大朗,https://npb.jp/bis/players/61865136.html,1999.04.22,180,87,右,左,,Lotte Marines
123,秋山　正雲,https://npb.jp/bis/players/71175155.html,2003.04.29,174,80,左,左,,Lotte Marines
124,中村　亮太,https://npb.jp/bis/players/11615153.html,1998.05.18,182,79,右,右,,Lotte Marines
125,永島田　輝斗,https://npb.jp/bis/players/71475155.html,2003.11.30,182,90,右,右,,Lotte Marines
131,茨木　佑太,https://npb.jp/bis/players/91395150.html,2006.05.09,187,93,右,右,,Lotte Marines
132,長島　幸佑,https://npb.jp/bis/players/51655150.html,2002.07.05,187,92,右,右,,Lotte Marines
133,武内　涼太,https://npb.jp/bis/players/71275159.html,2005.10.25,184,84,右,右,,Lotte Marines
139,パラシオス,https://npb.jp/bis/players/03705150.html,2004.03.19,184,82,右,右,,Lotte Marines
137,富山　紘之進,https://npb.jp/bis/players/91495159.html,2005.09.18,181,70,右,右,,Lotte Marines
129,勝又　琉偉,https://npb.jp/bis/players/61365157.html,2004.10.07,188,78,右,右,,Lotte Marines
130,谷村　剛,https://npb.jp/bis/players/21425150.html,2006.09.15,177,85,右,左,,Lotte Marines
134,松石　信八,https://npb.jp/bis/players/53155159.html,2005.12.18,175,75,右,右,,Lotte Marines
135,髙野　光海,https://npb.jp/bis/players/01705159.html,2004.06.17,187,93,右,右,,Lotte Marines
136,藤田　和樹,https://npb.jp/bis/players/51855159.html,2005.11.04,185,82,右,左,,Lotte Marines
138,マーティン,https://npb.jp/bis/players/93295159.html,2000.10.14,188,95,右,右,,Lotte Marines
90,小久保　裕紀,1971.10.08,,,SoftBank Hawks
2,スチュワート・ジュニア,https://npb.jp/bis/players/53755138.html,1999.11.02,198,101,右,右,,SoftBank Hawks
10,上沢　直之,https://npb.jp/bis/players/51355135.html,1994.02.06,185,88,右,右,,SoftBank Hawks
11,津森　宥紀,https://npb.jp/bis/players/81285151.html,1998.01.21,176,87,右,右,,SoftBank Hawks
13,濵口　遥大,https://npb.jp/bis/players/51655134.html,1995.03.16,173,80,左,左,,SoftBank Hawks
14,又吉　克樹,https://npb.jp/bis/players/61265139.html,1990.11.04,179,76,右,右,,SoftBank Hawks
16,東浜　巨,https://npb.jp/bis/players/01005137.html,1990.06.20,183,84,右,右,,SoftBank Hawks
17,有原　航平,https://npb.jp/bis/players/51155130.html,1992.08.11,190,100,右,右,,SoftBank Hawks
18,武田　翔太,https://npb.jp/bis/players/01005135.html,1993.04.03,187,90,右,右,,SoftBank Hawks
20,村上　泰斗,https://npb.jp/bis/players/73175150.html,2007.02.20,178,70,右,左右,,SoftBank Hawks
26,大津　亮介,https://npb.jp/bis/players/01305157.html,1999.01.13,175,65,右,左,,SoftBank Hawks
27,岩井　俊介,https://npb.jp/bis/players/51355159.html,2001.07.30,182,90,右,右,,SoftBank Hawks
28,安德　駿,https://npb.jp/bis/players/01105150.html,2002.05.18,177,82,右,右,,SoftBank Hawks
29,大江　竜聖,https://npb.jp/bis/players/71375134.html,1999.01.15,173,82,左,左,5/12 巨人より移籍,SoftBank Hawks
34,村田　賢一,https://npb.jp/bis/players/73375159.html,2001.08.31,179,88,右,右,,SoftBank Hawks
35,モイネロ,https://npb.jp/bis/players/63965134.html,1995.12.08,178,69,左,左,,SoftBank Hawks
39,尾形　崇斗,https://npb.jp/bis/players/61365136.html,1999.05.15,182,88,右,左,,SoftBank Hawks
40,杉山　一樹,https://npb.jp/bis/players/91995138.html,1997.12.07,192,107,右,右,,SoftBank Hawks
41,前田　悠伍,https://npb.jp/bis/players/13115159.html,2005.08.04,179,80,左,左,,SoftBank Hawks
42,伊藤　優輔,https://npb.jp/bis/players/91395153.html,1997.01.14,178,82,右,右,,SoftBank Hawks
47,大関　友久,https://npb.jp/bis/players/01505151.html,1997.12.14,185,85,左,左,,SoftBank Hawks
48,藤井　皓哉,https://npb.jp/bis/players/51655130.html,1996.07.29,183,86,右,左,,SoftBank Hawks
49,松本　晴,https://npb.jp/bis/players/41845157.html,2001.02.24,181,87,左,左,,SoftBank Hawks
50,板東　湧梧,https://npb.jp/bis/players/21425138.html,1995.12.27,182,78,右,右,,SoftBank Hawks
51,前田　純,https://npb.jp/bis/players/71875157.html,2000.06.04,189,88,左,左,,SoftBank Hawks
53,大山　凌,https://npb.jp/bis/players/11515159.html,2002.03.27,179,80,右,右,,SoftBank Hawks
54,オスナ,https://npb.jp/bis/players/13415155.html,1995.02.07,188,104,右,右,,SoftBank Hawks
56,田浦　文丸,https://npb.jp/bis/players/51055136.html,1999.09.21,168,78,左,左,,SoftBank Hawks
58,木村　大成,https://npb.jp/bis/players/71775155.html,2003.09.12,180,82,左,左,,SoftBank Hawks
59,長谷川　威展,https://npb.jp/bis/players/31635155.html,1999.08.09,179,86,左,左,,SoftBank Hawks
60,大野　稼頭央,https://npb.jp/bis/players/21325157.html,2004.08.06,176,70,左,左,,SoftBank Hawks
63,ヘルナンデス,https://npb.jp/bis/players/33435157.html,1996.12.17,188,115,左,左,,SoftBank Hawks
64,上茶谷　大河,https://npb.jp/bis/players/81585138.html,1996.08.31,182,83,右,右,,SoftBank Hawks
66,松本　裕樹,https://npb.jp/bis/players/61665130.html,1996.04.14,183,92,右,左,,SoftBank Hawks
68,木村　光,https://npb.jp/bis/players/41545157.html,2000.07.02,173,73,右,左,,SoftBank Hawks
69,岩崎　峻典,https://npb.jp/bis/players/21325150.html,2003.03.11,177,80,右,右,,SoftBank Hawks
85,宮﨑　颯,https://npb.jp/bis/players/73175157.html,2000.06.14,180,93,左,左,7/25 育成選手から支配下選手へ移行,SoftBank Hawks
95,川口　冬弥,https://npb.jp/bis/players/31735150.html,1999.10.26,187,88,右,右,6/20 育成選手から支配下選手へ移行,SoftBank Hawks
00,渡邉　陸,https://npb.jp/bis/players/93195138.html,2000.09.24,187,90,右,左,,SoftBank Hawks
12,嶺井　博希,https://npb.jp/bis/players/71475139.html,1991.06.04,176,86,右,右,,SoftBank Hawks
22,牧原　巧汰,https://npb.jp/bis/players/33135153.html,2002.07.13,176,84,右,左,,SoftBank Hawks
45,谷川原　健太,https://npb.jp/bis/players/11215132.html,1997.04.16,174,87,右,左,,SoftBank Hawks
55,石塚　綜一郎,https://npb.jp/bis/players/01105151.html,2001.06.07,181,91,右,右,,SoftBank Hawks
62,海野　隆司,https://npb.jp/bis/players/81385151.html,1997.07.15,174,84,右,右,,SoftBank Hawks
65,藤田　悠太郎,https://npb.jp/bis/players/91895159.html,2005.06.03,170,73,右,右,,SoftBank Hawks
0,川瀬　晃,https://npb.jp/bis/players/11715132.html,1997.09.15,176,71,右,左,,SoftBank Hawks
4,ダウンズ,https://npb.jp/bis/players/43245159.html,1998.07.27,178,89,右,右,,SoftBank Hawks
5,山川　穂高,https://npb.jp/bis/players/21425139.html,1991.11.23,177,114,右,右,,SoftBank Hawks
6,今宮　健太,https://npb.jp/bis/players/31335131.html,1991.07.15,172,76,右,右,,SoftBank Hawks
8,牧原　大成,https://npb.jp/bis/players/61465133.html,1992.10.15,172,72,右,左,,SoftBank Hawks
23,周東　佑京,https://npb.jp/bis/players/21925136.html,1996.02.10,180,71,右,左,,SoftBank Hawks
24,栗原　陵矢,https://npb.jp/bis/players/01705130.html,1996.07.04,179,83,右,左,,SoftBank Hawks
25,庄子　雄大,https://npb.jp/bis/players/01205150.html,2002.10.02,177,75,右,左,,SoftBank Hawks
33,廣瀨　隆太,https://npb.jp/bis/players/61665159.html,2001.04.07,181,87,右,右,,SoftBank Hawks
36,イヒネ　イツア,https://npb.jp/bis/players/11315157.html,2004.09.02,184,83,右,左,,SoftBank Hawks
43,井上　朋也,https://npb.jp/bis/players/01305153.html,2003.01.28,182,89,右,右,,SoftBank Hawks
46,宇野　真仁朗,https://npb.jp/bis/players/61365150.html,2006.07.05,177,81,右,右,,SoftBank Hawks
52,リチャード,https://npb.jp/bis/players/11015136.html,1999.06.18,189,123,右,右,5/12 巨人へ移籍,SoftBank Hawks
52,秋広　優人,https://npb.jp/bis/players/71175153.html,2002.09.17,200,100,右,左,5/12 巨人より移籍,SoftBank Hawks
67,石見　颯真,https://npb.jp/bis/players/81185150.html,2006.06.10,176,74,右,左,,SoftBank Hawks
99,野村　勇,https://npb.jp/bis/players/11615155.html,1996.12.01,174,82,右,右,,SoftBank Hawks
3,近藤　健介,https://npb.jp/bis/players/41745135.html,1993.08.09,173,85,右,左,,SoftBank Hawks
7,中村　晃,https://npb.jp/bis/players/11215116.html,1989.11.05,175,81,左,左,,SoftBank Hawks
9,柳田　悠岐,https://npb.jp/bis/players/31835133.html,1988.10.09,187,90,右,左,,SoftBank Hawks
30,佐藤　直樹,https://npb.jp/bis/players/91095151.html,1998.09.03,178,85,右,右,,SoftBank Hawks
31,正木　智也,https://npb.jp/bis/players/81885155.html,1999.11.05,182,91,右,右,,SoftBank Hawks
32,柳町　達,https://npb.jp/bis/players/73175151.html,1997.04.20,180,78,右,左,,SoftBank Hawks
44,笹川　吉康,https://npb.jp/bis/players/91095153.html,2002.05.31,194,97,左,左,,SoftBank Hawks
57,緒方　理貢,https://npb.jp/bis/players/81585153.html,1998.09.22,175,69,右,左,,SoftBank Hawks
61,川村　友斗,https://npb.jp/bis/players/11715155.html,1999.08.13,181,88,右,左,,SoftBank Hawks
77,山本　恵大,https://npb.jp/bis/players/93595155.html,1999.08.06,183,86,右,左,4/12 育成選手から支配下選手へ移行,SoftBank Hawks
126,宮里　優吾,https://npb.jp/bis/players/13315159.html,2001.09.27,181,87,右,右,8/5 オイシックスへ派遣（シーズン終了まで）,SoftBank Hawks
128,河野　伸一朗,https://npb.jp/bis/players/71775150.html,2006.08.20,190,74,左,左,,SoftBank Hawks
133,星野　恒太朗,https://npb.jp/bis/players/21825159.html,2001.10.24,179,85,右,右,,SoftBank Hawks
134,大城　真乃,https://npb.jp/bis/players/01505153.html,2002.11.24,170,73,左,左,,SoftBank Hawks
135,アルメンタ,https://npb.jp/bis/players/33735155.html,2004.06.26,185,79,左,左,,SoftBank Hawks
136,大竹　風雅,https://npb.jp/bis/players/21325155.html,1999.08.22,186,89,右,左,8/5 くふうハヤテへ派遣（シーズン終了まで）,SoftBank Hawks
137,津嘉山　憲志郎,https://npb.jp/bis/players/41445150.html,2006.07.24,178,93,右,右,,SoftBank Hawks
138,相原　雄太,https://npb.jp/bis/players/31135150.html,2002.06.16,191,96,右,右,,SoftBank Hawks
139,井﨑　燦志郎,https://npb.jp/bis/players/61165155.html,2004.02.09,188,87,右,右,,SoftBank Hawks
140,岡田　皓一朗,https://npb.jp/bis/players/71575150.html,2002.06.04,187,95,右,右,,SoftBank Hawks
141,澤柳　亮太郎,https://npb.jp/bis/players/91995159.html,2000.03.08,179,86,右,右,,SoftBank Hawks
142,藤原　大翔,https://npb.jp/bis/players/01805159.html,2005.12.26,177,69,右,右,,SoftBank Hawks
145,ハモンド,https://npb.jp/bis/players/41245155.html,2004.01.17,191,85,右,右,,SoftBank Hawks
146,藤田　淳平,https://npb.jp/bis/players/71875159.html,2000.05.14,182,95,左,左,,SoftBank Hawks
148,山崎　琢磨,https://npb.jp/bis/players/13515155.html,2003.11.06,185,90,右,左,,SoftBank Hawks
149,熊谷　太雅,https://npb.jp/bis/players/11915150.html,2006.10.17,184,72,左,左,,SoftBank Hawks
152,塩士　暖,https://npb.jp/bis/players/21025150.html,2006.05.18,185,74,右,右,,SoftBank Hawks
153,張　峻ウェイ,https://npb.jp/bis/players/63565150.html,2005.11.14,179,82,右,右,,SoftBank Hawks
155,風間　球打,https://npb.jp/bis/players/31535155.html,2003.10.11,184,96,右,左,,SoftBank Hawks
156,ロドリゲス,https://npb.jp/bis/players/83285155.html,2001.08.18,182,90,右,右,,SoftBank Hawks
157,田上　奏大,https://npb.jp/bis/players/11415153.html,2002.11.26,186,90,右,左,,SoftBank Hawks
158,赤羽　蓮,https://npb.jp/bis/players/71175157.html,2004.04.09,188,88,右,右,,SoftBank Hawks
160,長水　啓眞,https://npb.jp/bis/players/61465159.html,2005.08.08,179,69,左,左,,SoftBank Hawks
161,内野　海斗,https://npb.jp/bis/players/71375157.html,2004.07.28,187,91,右,右,,SoftBank Hawks
162,岡植　純平,https://npb.jp/bis/players/41345157.html,2004.07.10,177,82,右,右,,SoftBank Hawks
163,佐々木　明都,https://npb.jp/bis/players/11915157.html,2005.01.02,182,81,右,右,,SoftBank Hawks
164,水口　創太,https://npb.jp/bis/players/33135157.html,1999.08.09,195,102,右,右,,SoftBank Hawks
169,飛田　悠成,https://npb.jp/bis/players/31235157.html,2005.03.13,185,90,右,左,,SoftBank Hawks
176,サルディ,https://npb.jp/bis/players/03705159.html,2005.11.12,186,81,左,左,,SoftBank Hawks
125,大友　宗,https://npb.jp/bis/players/51555150.html,1999.07.23,181,85,右,右,,SoftBank Hawks
151,加藤　晴空,https://npb.jp/bis/players/91595155.html,2003.04.28,175,78,右,左,,SoftBank Hawks
171,盛島　稜大,https://npb.jp/bis/players/83185157.html,2004.05.27,187,107,右,右,,SoftBank Hawks
121,ザイレン,https://npb.jp/bis/players/01905150.html,2006.05.29,178,82,右,右,,SoftBank Hawks
122,藤野　恵音,https://npb.jp/bis/players/51855155.html,2003.08.23,181,78,右,右,,SoftBank Hawks
124,桑原　秀侍,https://npb.jp/bis/players/01905153.html,2002.05.29,176,81,右,右,,SoftBank Hawks
127,広瀬　結煌,https://npb.jp/bis/players/31835150.html,2007.02.22,180,71,右,右,,SoftBank Hawks
129,佐倉　侠史朗,https://npb.jp/bis/players/31935159.html,2005.11.03,184,104,右,左,,SoftBank Hawks
130,勝連　大稀,https://npb.jp/bis/players/41745151.html,2001.04.30,175,68,右,左,,SoftBank Hawks
131,中澤　恒貴,https://npb.jp/bis/players/01405159.html,2005.07.03,180,84,右,右,,SoftBank Hawks
159,山下　恭吾,https://npb.jp/bis/players/23325157.html,2004.07.07,175,78,右,右,,SoftBank Hawks
167,川原田　純平,https://npb.jp/bis/players/81785153.html,2002.05.21,168,70,右,右,,SoftBank Hawks
170,西尾　歩真,https://npb.jp/bis/players/51455157.html,2000.06.20,167,70,右,左,,SoftBank Hawks
175,アルモンテ,https://npb.jp/bis/players/93595159.html,2007.12.02,185,82,右,右,,SoftBank Hawks
123,大泉　周也,https://npb.jp/bis/players/21325159.html,1999.09.16,173,87,左,左,,SoftBank Hawks
143,漁府　輝羽,https://npb.jp/bis/players/61765150.html,2002.07.16,183,93,右,右,,SoftBank Hawks
144,シモン,https://npb.jp/bis/players/23925155.html,2004.09.18,185,79,右,右,,SoftBank Hawks
147,木下　勇人,https://npb.jp/bis/players/21725150.html,2006.08.06,179,66,右,左,,SoftBank Hawks
154,生海,https://npb.jp/bis/players/21125157.html,2000.07.11,183,101,右,左,,SoftBank Hawks
166,重松　凱人,https://npb.jp/bis/players/71975157.html,2000.04.12,187,98,右,右,,SoftBank Hawks
168,佐藤　航太,https://npb.jp/bis/players/31935157.html,2004.04.07,184,73,右,右,,SoftBank Hawks
173,オスーナ,https://npb.jp/bis/players/53755157.html,2007.03.27,185,82,右,右,,SoftBank Hawks
88,三木　肇,1977.04.25,,,Rakuten Eagles
11,岸　孝之,https://npb.jp/bis/players/91795114.html,1984.12.04,180,77,右,右,,Rakuten Eagles
14,則本　昂大,https://npb.jp/bis/players/51055137.html,1990.12.17,178,82,右,左,,Rakuten Eagles
15,ハワード,https://npb.jp/bis/players/23725150.html,1996.07.28,190,95,右,右,,Rakuten Eagles
17,古謝　樹,https://npb.jp/bis/players/21725159.html,2001.08.18,182,75,左,左,,Rakuten Eagles
19,荘司　康誠,https://npb.jp/bis/players/21925157.html,2000.10.13,189,86,右,右,,Rakuten Eagles
20,ターリー,https://npb.jp/bis/players/13015155.html,1989.09.11,193,104,左,左,8/7 自由契約,Rakuten Eagles
21,早川　隆久,https://npb.jp/bis/players/31835153.html,1998.07.06,180,76,左,左,,Rakuten Eagles
22,小孫　竜二,https://npb.jp/bis/players/71775157.html,1997.09.15,180,88,右,右,,Rakuten Eagles
26,中込　陽翔,https://npb.jp/bis/players/31635150.html,2002.01.23,175,85,右,右,,Rakuten Eagles
28,酒居　知史,https://npb.jp/bis/players/61765134.html,1993.01.02,178,80,右,右,,Rakuten Eagles
29,德山　一翔,https://npb.jp/bis/players/11615150.html,2002.04.11,177,87,左,左,,Rakuten Eagles
31,渡辺　翔太,https://npb.jp/bis/players/23525157.html,2000.10.29,182,90,右,右,,Rakuten Eagles
38,弓削　隼人,https://npb.jp/bis/players/61865138.html,1994.04.06,193,105,左,左,,Rakuten Eagles
40,江原　雅裕,https://npb.jp/bis/players/11515150.html,2000.08.03,186,93,右,右,,Rakuten Eagles
41,加治屋　蓮,https://npb.jp/bis/players/21525139.html,1991.11.25,185,90,右,右,,Rakuten Eagles
43,宋　家豪,https://npb.jp/bis/players/73575132.html,1992.09.06,185,92,右,左,,Rakuten Eagles
45,松井　友飛,https://npb.jp/bis/players/13115155.html,1999.10.11,190,87,右,右,,Rakuten Eagles
46,藤平　尚真,https://npb.jp/bis/players/61665134.html,1998.09.21,185,85,右,右,,Rakuten Eagles
47,藤井　聖,https://npb.jp/bis/players/71875153.html,1996.10.03,176,80,左,左,,Rakuten Eagles
49,西垣　雅矢,https://npb.jp/bis/players/61465155.html,1999.06.21,184,88,右,左,,Rakuten Eagles
52,津留﨑　大成,https://npb.jp/bis/players/11415151.html,1997.10.10,177,86,右,右,,Rakuten Eagles
53,坂井　陽翔,https://npb.jp/bis/players/11915159.html,2005.04.05,186,88,右,右,,Rakuten Eagles
54,日當　直喜,https://npb.jp/bis/players/01605159.html,2005.07.06,190,105,右,右,,Rakuten Eagles
56,鈴木　翔天,https://npb.jp/bis/players/01905138.html,1996.08.19,185,82,左,左,,Rakuten Eagles
57,瀧中　瞭太,https://npb.jp/bis/players/31235151.html,1994.12.20,180,93,右,右,,Rakuten Eagles
58,辛島　航,https://npb.jp/bis/players/01505118.html,1990.10.18,173,72,左,左,,Rakuten Eagles
59,泰　勝利,https://npb.jp/bis/players/61065155.html,2003.11.11,172,82,左,右,,Rakuten Eagles
61,松田　啄磨,https://npb.jp/bis/players/73175159.html,2002.02.26,186,74,右,右,,Rakuten Eagles
62,西口　直人,https://npb.jp/bis/players/41445134.html,1996.11.14,183,83,右,右,2/18 育成選手から支配下選手へ移行,Rakuten Eagles
64,林　優樹,https://npb.jp/bis/players/01605157.html,2001.10.29,173,73,左,左,,Rakuten Eagles
66,今野　龍太,https://npb.jp/bis/players/21725139.html,1995.05.11,178,86,右,右,,Rakuten Eagles
67,大内　誠弥,https://npb.jp/bis/players/41345159.html,2006.03.09,191,77,右,右,,Rakuten Eagles
69,内　星龍,https://npb.jp/bis/players/51555153.html,2002.04.24,190,88,右,左,,Rakuten Eagles
71,柴田　大地,https://npb.jp/bis/players/81985155.html,1997.11.07,180,94,右,右,,Rakuten Eagles
72,宮森　智志,https://npb.jp/bis/players/13315155.html,1998.05.28,193,93,右,右,,Rakuten Eagles
89,ヤフーレ,https://npb.jp/bis/players/33035159.html,1998.05.01,185,97,右,左右,,Rakuten Eagles
2,太田　光,https://npb.jp/bis/players/71375138.html,1996.10.14,178,76,右,右,,Rakuten Eagles
44,田中　貴也,https://npb.jp/bis/players/31235130.html,1992.08.27,178,85,右,左,,Rakuten Eagles
55,安田　悠馬,https://npb.jp/bis/players/43345155.html,2000.03.03,185,105,右,左,,Rakuten Eagles
65,堀内　謙伍,https://npb.jp/bis/players/11815132.html,1997.04.15,174,82,右,左,,Rakuten Eagles
70,石原　彪,https://npb.jp/bis/players/61165134.html,1999.03.08,172,96,右,右,,Rakuten Eagles
0,小深田　大翔,https://npb.jp/bis/players/61965151.html,1995.09.28,168,69,右,左,,Rakuten Eagles
1,宗山　塁,https://npb.jp/bis/players/53155150.html,2003.02.27,175,79,右,左,,Rakuten Eagles
3,浅村　栄斗,https://npb.jp/bis/players/51155118.html,1990.11.12,182,90,右,右,,Rakuten Eagles
4,阿部　寿樹,https://npb.jp/bis/players/61165132.html,1989.12.03,185,85,右,右,,Rakuten Eagles
6,村林　一輝,https://npb.jp/bis/players/41845132.html,1997.10.06,180,73,右,右,,Rakuten Eagles
7,鈴木　大地,https://npb.jp/bis/players/81985135.html,1989.08.18,175,79,右,左,,Rakuten Eagles
9,ボイト,https://npb.jp/bis/players/03005150.html,1991.02.13,188,117,右,右,6/24 支配下選手登録,Rakuten Eagles
23,フランコ,https://npb.jp/bis/players/63965157.html,1992.08.26,185,105,右,右,,Rakuten Eagles
24,黒川　史陽,https://npb.jp/bis/players/01905151.html,2001.04.17,182,86,右,左,,Rakuten Eagles
34,山﨑　剛,https://npb.jp/bis/players/73175136.html,1995.12.29,173,74,右,左,,Rakuten Eagles
39,伊藤　裕季也,https://npb.jp/bis/players/41145138.html,1996.08.30,181,95,右,右,,Rakuten Eagles
42,山田　遥楓,https://npb.jp/bis/players/13115130.html,1996.09.30,180,84,右,右,,Rakuten Eagles
48,渡邊　佳明,https://npb.jp/bis/players/73175138.html,1997.01.08,180,79,右,左,,Rakuten Eagles
60,ワォーターズ　璃海ジュミル,https://npb.jp/bis/players/13515159.html,2005.10.14,178,76,右,右,,Rakuten Eagles
63,入江　大樹,https://npb.jp/bis/players/41345153.html,2002.06.06,185,83,右,右,,Rakuten Eagles
68,青野　拓海,https://npb.jp/bis/players/31135159.html,2005.07.26,180,85,右,右,,Rakuten Eagles
73,小森　航大郎,https://npb.jp/bis/players/51955155.html,2003.04.30,173,83,右,右,,Rakuten Eagles
75,陽　柏翔,https://npb.jp/bis/players/53355150.html,2005.01.23,174,75,右,左,,Rakuten Eagles
82,辰見　鴻之介,https://npb.jp/bis/players/71075157.html,2000.11.24,176,67,右,右,7/31 育成選手から支配下選手へ移行,Rakuten Eagles
8,辰己　涼介,https://npb.jp/bis/players/11015138.html,1996.12.27,180,74,右,左,,Rakuten Eagles
12,ゴンザレス,https://npb.jp/bis/players/93095150.html,1998.01.10,196,108,右,右,6/2 支配下選手登録,Rakuten Eagles
25,田中　和基,https://npb.jp/bis/players/11215134.html,1994.08.08,181,75,右,左右,,Rakuten Eagles
27,岡島　豪郎,https://npb.jp/bis/players/21325135.html,1989.09.07,176,82,右,左,,Rakuten Eagles
32,中島　大輔,https://npb.jp/bis/players/21425159.html,2001.06.04,180,78,右,左,,Rakuten Eagles
35,島内　宏明,https://npb.jp/bis/players/71975135.html,1990.02.02,180,75,左,左,,Rakuten Eagles
36,吉納　翼,https://npb.jp/bis/players/03305150.html,2002.08.16,180,89,右,左,,Rakuten Eagles
50,武藤　敦貴,https://npb.jp/bis/players/01805151.html,2001.06.15,178,73,左,左,,Rakuten Eagles
51,小郷　裕哉,https://npb.jp/bis/players/81385138.html,1996.08.03,178,85,右,左,,Rakuten Eagles
78,吉野　創士,https://npb.jp/bis/players/43545155.html,2003.10.27,186,78,右,右,,Rakuten Eagles
79,前田　銀治,https://npb.jp/bis/players/61865155.html,2003.11.19,182,98,右,右,,Rakuten Eagles
017,王　彦程,https://npb.jp/bis/players/43745138.html,2001.02.14,180,82,左,左,,Rakuten Eagles
130,古賀　康誠,https://npb.jp/bis/players/31735157.html,2004.09.03,181,81,左,左,,Rakuten Eagles
197,蕭　齊,https://npb.jp/bis/players/23525150.html,2006.01.04,197,98,右,右,,Rakuten Eagles
022,水上　桂,https://npb.jp/bis/players/31835151.html,2001.07.05,172,75,右,右,,Rakuten Eagles
137,江川　侑斗,https://npb.jp/bis/players/31535151.html,2001.06.29,177,81,右,右,,Rakuten Eagles
030,平良　竜哉,https://npb.jp/bis/players/11015157.html,1998.07.09,170,78,右,右,,Rakuten Eagles
131,永田　颯太郎,https://npb.jp/bis/players/21225157.html,2000.10.11,178,85,右,左,,Rakuten Eagles
132,岸本　佑也,https://npb.jp/bis/players/01705150.html,2007.01.30,180,74,右,右,,Rakuten Eagles
74,西口　文也,1972.09.26,,,Seibu Lions
11,上田　大河,https://npb.jp/bis/players/91395159.html,2001.11.15,182,86,右,右,,Seibu Lions
12,渡邉　勇太朗,https://npb.jp/bis/players/53155138.html,2000.09.21,191,103,右,右,,Seibu Lions
13,髙橋　光成,https://npb.jp/bis/players/71075130.html,1997.02.03,190,105,右,右,,Seibu Lions
15,與座　海人,https://npb.jp/bis/players/63165136.html,1995.09.15,173,80,右,右,,Seibu Lions
16,隅田　知一郎,https://npb.jp/bis/players/21025155.html,1999.08.20,177,81,左,左,,Seibu Lions
17,松本　航,https://npb.jp/bis/players/81685138.html,1996.11.28,176,88,右,右,,Seibu Lions
19,佐藤　隼輔,https://npb.jp/bis/players/41945155.html,2000.01.03,182,86,左,左,,Seibu Lions
20,田村　伊知郎,https://npb.jp/bis/players/01205134.html,1994.09.19,173,86,右,左,,Seibu Lions
21,武内　夏暉,https://npb.jp/bis/players/51255159.html,2001.07.21,187,96,左,左,,Seibu Lions
23,糸川　亮太,https://npb.jp/bis/players/11315159.html,1998.04.30,172,80,右,右,,Seibu Lions
25,平井　克典,https://npb.jp/bis/players/91695134.html,1991.12.20,180,90,右,右,,Seibu Lions
29,青山　美夏人,https://npb.jp/bis/players/51155157.html,2000.07.19,184,94,右,右,,Seibu Lions
34,甲斐野　央,https://npb.jp/bis/players/51555138.html,1996.11.16,188,92,右,左,,Seibu Lions
36,山田　陽翔,https://npb.jp/bis/players/43345157.html,2004.05.09,175,82,右,右,,Seibu Lions
41,成田　晴風,https://npb.jp/bis/players/81485159.html,2006.02.27,184,89,右,右,,Seibu Lions
42,ボー・タカハシ,https://npb.jp/bis/players/43045155.html,1997.01.23,183,93,右,右,,Seibu Lions
43,羽田　慎之介,https://npb.jp/bis/players/51655155.html,2003.12.25,191,84,左,左,,Seibu Lions
45,ウィンゲンター,https://npb.jp/bis/players/53555150.html,1994.04.15,201,107,右,右,,Seibu Lions
46,狩生　聖真,https://npb.jp/bis/players/81585150.html,2006.12.25,186,74,右,右,,Seibu Lions
47,杉山　遙希,https://npb.jp/bis/players/91095159.html,2005.09.23,181,85,左,左,,Seibu Lions
48,今井　達也,https://npb.jp/bis/players/31335134.html,1998.05.09,180,80,右,右,,Seibu Lions
49,佐々木　健,https://npb.jp/bis/players/01005153.html,1996.05.13,179,87,左,左,6/3 育成選手から支配下選手へ移行,Seibu Lions
52,篠原　響,https://npb.jp/bis/players/61065150.html,2006.09.20,178,76,右,右,,Seibu Lions
54,黒木　優太,https://npb.jp/bis/players/51755134.html,1994.08.16,180,87,右,左,3/25 育成選手から支配下選手へ移行,Seibu Lions
56,Ｅ．ラミレス,https://npb.jp/bis/players/73975150.html,1994.07.15,188,86,右,右,,Seibu Lions
57,黒田　将矢,https://npb.jp/bis/players/21725155.html,2004.01.24,188,85,右,右,,Seibu Lions
58,中村　祐太,https://npb.jp/bis/players/71075139.html,1995.08.31,184,90,右,右,,Seibu Lions
61,平良　海馬,https://npb.jp/bis/players/31035136.html,1999.11.15,173,93,右,左,,Seibu Lions
69,水上　由伸,https://npb.jp/bis/players/63165153.html,1998.07.13,176,79,右,右,,Seibu Lions
70,豆田　泰志,https://npb.jp/bis/players/23125153.html,2003.01.15,173,88,右,右,,Seibu Lions
71,菅井　信也,https://npb.jp/bis/players/71075155.html,2003.06.28,183,84,左,左,,Seibu Lions
90,浜屋　将太,https://npb.jp/bis/players/61465151.html,1999.01.26,176,79,左,左,7/31 育成選手から支配下選手へ移行,Seibu Lions
22,古賀　悠斗,https://npb.jp/bis/players/81785155.html,1999.09.10,174,88,右,右,,Seibu Lions
27,炭谷　銀仁朗,https://npb.jp/bis/players/91995112.html,1987.07.19,181,98,右,右,,Seibu Lions
37,柘植　世那,https://npb.jp/bis/players/61265151.html,1997.06.03,174,90,右,右,,Seibu Lions
53,牧野　翔矢,https://npb.jp/bis/players/71675138.html,2001.03.04,178,80,右,左,,Seibu Lions
64,龍山　暖,https://npb.jp/bis/players/51455150.html,2006.05.13,175,78,右,右,,Seibu Lions
65,古市　尊,https://npb.jp/bis/players/91895155.html,2002.06.15,176,74,右,右,,Seibu Lions
00,仲田　慶介,https://npb.jp/bis/players/91495155.html,1999.07.25,175,74,右,左右,3/25 育成選手から支配下選手へ移行,Seibu Lions
0,児玉　亮涼,https://npb.jp/bis/players/51755157.html,1998.07.10,166,65,右,右,,Seibu Lions
2,齋藤　大翔,https://npb.jp/bis/players/21925150.html,2007.01.27,181,76,右,右,,Seibu Lions
4,山野辺　翔,https://npb.jp/bis/players/21825138.html,1994.05.24,170,74,右,右,5/1 ヤクルトへ移籍,Seibu Lions
5,外崎　修汰,https://npb.jp/bis/players/41245130.html,1992.12.20,177,84,右,右,,Seibu Lions
6,源田　壮亮,https://npb.jp/bis/players/71775134.html,1993.02.16,179,75,右,左,,Seibu Lions
10,佐藤　龍世,https://npb.jp/bis/players/81785138.html,1997.01.15,174,85,右,右,6/17 中日へ移籍,Seibu Lions
10,デービス,https://npb.jp/bis/players/23025150.html,1993.04.27,190,97,右,右,7/16 支配下選手登録,Seibu Lions
30,元山　飛優,https://npb.jp/bis/players/33335153.html,1998.12.04,181,82,右,左,,Seibu Lions
32,山村　崇嘉,https://npb.jp/bis/players/83385153.html,2002.09.28,183,89,右,左,,Seibu Lions
38,佐藤　太陽,https://npb.jp/bis/players/51055150.html,2002.05.19,176,78,右,左,7/25 育成選手から支配下選手へ移行,Seibu Lions
39,平沢　大河,https://npb.jp/bis/players/91695132.html,1997.12.24,176,80,右,左,,Seibu Lions
40,セデーニョ,https://npb.jp/bis/players/13915157.html,1998.08.22,194,118,右,右,,Seibu Lions
50,髙松　渡,https://npb.jp/bis/players/21025136.html,1999.07.02,177,75,右,左,,Seibu Lions
59,古賀　輝希,https://npb.jp/bis/players/51955150.html,2000.08.25,181,88,右,左,,Seibu Lions
60,中村　剛也,https://npb.jp/bis/players/81085115.html,1983.08.15,175,105,右,右,,Seibu Lions
62,滝澤　夏央,https://npb.jp/bis/players/51255155.html,2003.08.13,164,65,右,左,,Seibu Lions
66,渡部　健人,https://npb.jp/bis/players/73575153.html,1998.12.26,176,115,右,右,,Seibu Lions
67,野村　大樹,https://npb.jp/bis/players/11415138.html,2000.09.10,171,84,右,右,,Seibu Lions
99,村田　怜音,https://npb.jp/bis/players/93395159.html,2001.08.04,197,112,右,右,,Seibu Lions
1,栗山　巧,https://npb.jp/bis/players/51755115.html,1983.09.03,177,85,右,左,,Seibu Lions
8,渡部　聖弥,https://npb.jp/bis/players/83385150.html,2002.08.31,177,88,右,右,,Seibu Lions
9,蛭間　拓哉,https://npb.jp/bis/players/61665157.html,2000.09.08,177,85,左,左,,Seibu Lions
26,ネビン,https://npb.jp/bis/players/53755150.html,1997.05.29,193,102,右,右,,Seibu Lions
31,平沼　翔太,https://npb.jp/bis/players/01605132.html,1997.08.16,179,83,右,左,,Seibu Lions
33,古川　雄大,https://npb.jp/bis/players/51855157.html,2004.05.25,186,90,右,右,,Seibu Lions
35,松原　聖弥,https://npb.jp/bis/players/21825134.html,1995.01.26,173,78,右,左,,Seibu Lions
44,林　冠臣,https://npb.jp/bis/players/43345150.html,2002.12.30,195,105,右,右,,Seibu Lions
51,西川　愛也,https://npb.jp/bis/players/51455136.html,1999.06.10,181,90,右,左,,Seibu Lions
55,仲三河　優太,https://npb.jp/bis/players/61465153.html,2002.10.22,180,100,右,左,7/10 育成選手から支配下選手へ移行,Seibu Lions
63,長谷川　信哉,https://npb.jp/bis/players/81685153.html,2002.05.17,183,87,右,右,,Seibu Lions
68,岸　潤一郎,https://npb.jp/bis/players/51955151.html,1996.12.08,174,83,右,右,,Seibu Lions
73,モンテル,https://npb.jp/bis/players/23125157.html,2000.03.18,187,88,右,右,5/7 育成選手から支配下選手へ移行,Seibu Lions
75,奥村　光一,https://npb.jp/bis/players/51555159.html,1999.12.24,178,83,右,右,,Seibu Lions
112,大曲　錬,https://npb.jp/bis/players/21525153.html,1998.05.21,180,81,右,右,,Seibu Lions
114,上間　永遠,https://npb.jp/bis/players/21325151.html,2001.01.31,180,82,右,右,,Seibu Lions
116,ロペス,https://npb.jp/bis/players/23025159.html,1999.09.02,193,102,右,右,,Seibu Lions
117,宮澤　太成,https://npb.jp/bis/players/33335159.html,1999.04.15,185,95,右,右,,Seibu Lions
120,井上　広輝,https://npb.jp/bis/players/71375151.html,2001.07.17,181,84,右,右,,Seibu Lions
121,三浦　大輝,https://npb.jp/bis/players/81885157.html,2000.04.07,180,88,右,左,,Seibu Lions
123,冨士　大和,https://npb.jp/bis/players/91895150.html,2006.08.26,186,80,左,左,,Seibu Lions
125,シンクレア,https://npb.jp/bis/players/01905159.html,2001.06.12,193,94,左,左,,Seibu Lions
127,森脇　亮介,https://npb.jp/bis/players/71875138.html,1992.07.13,175,70,右,右,,Seibu Lions
129,川下　将勲,https://npb.jp/bis/players/61565159.html,2005.04.03,186,72,左,左,,Seibu Lions
131,木瀬　翔太,https://npb.jp/bis/players/51755159.html,2005.04.05,187,90,右,右,,Seibu Lions
133,佐藤　爽,https://npb.jp/bis/players/31035150.html,2003.02.09,177,79,左,左,,Seibu Lions
113,野田　海人,https://npb.jp/bis/players/21425157.html,2005.03.18,174,80,右,右,,Seibu Lions
122,是澤　涼輔,https://npb.jp/bis/players/91795157.html,2000.04.19,177,82,右,右,,Seibu Lions
118,野村　和輝,https://npb.jp/bis/players/61465157.html,2003.06.07,183,100,右,右,,Seibu Lions
126,谷口　朝陽,https://npb.jp/bis/players/01205159.html,2004.04.03,185,85,右,右,,Seibu Lions
130,金子　功児,https://npb.jp/bis/players/21525159.html,2003.09.02,177,79,右,左,,Seibu Lions
134,川野　涼太,https://npb.jp/bis/players/11915151.html,2001.06.28,178,82,右,左右,4/14 「涼多」から「涼太」に改名,Seibu Lions
138,福尾　遥真,https://npb.jp/bis/players/71875150.html,2006.04.06,181,77,右,左,,Seibu Lions
124,ガルシア,https://npb.jp/bis/players/83585159.html,2000.09.05,198,115,右,左右,,Seibu Lions
132,ラマル,https://npb.jp/bis/players/23325150.html,2006.04.08,180,91,右,右,,Seibu Lions
137,澤田　遥斗,https://npb.jp/bis/players/01005150.html,2006.07.30,170,68,右,左右,,Seibu Lions
139,オケム,https://npb.jp/bis/players/31535150.html,2006.04.10,184,77,右,右,,Seibu Lions
1,新庄　剛志,1972.01.28,,,Nipponham Fighters
12,矢澤　宏太,https://npb.jp/bis/players/73375157.html,2000.08.02,173,72,左,左,,Nipponham Fighters
13,生田目　翼,https://npb.jp/bis/players/41245138.html,1995.02.19,176,95,右,右,,Nipponham Fighters
14,加藤　貴之,https://npb.jp/bis/players/41545132.html,1992.06.03,182,93,左,左,,Nipponham Fighters
15,北山　亘基,https://npb.jp/bis/players/51755155.html,1999.04.10,182,86,右,右,8/4 背番号：57→15に変更,Nipponham Fighters
16,達　孝太,https://npb.jp/bis/players/01205155.html,2004.03.27,194,101,右,右,,Nipponham Fighters
17,伊藤　大海,https://npb.jp/bis/players/51355153.html,1997.08.31,176,84,右,左,,Nipponham Fighters
18,山﨑　福也,https://npb.jp/bis/players/21825130.html,1992.09.09,188,99,左,左,,Nipponham Fighters
19,玉井　大翔,https://npb.jp/bis/players/91295134.html,1992.06.16,178,78,右,右,,Nipponham Fighters
20,上原　健太,https://npb.jp/bis/players/41345132.html,1994.03.29,191,100,左,左,,Nipponham Fighters
22,杉浦　稔大,https://npb.jp/bis/players/61765139.html,1992.02.25,190,90,右,右,,Nipponham Fighters
24,金村　尚真,https://npb.jp/bis/players/51555157.html,2000.08.29,176,88,右,右,,Nipponham Fighters
25,宮西　尚生,https://npb.jp/bis/players/41445116.html,1985.06.02,180,81,左,左,,Nipponham Fighters
26,田中　正義,https://npb.jp/bis/players/31235134.html,1994.07.19,188,96,右,右,,Nipponham Fighters
28,河野　竜生,https://npb.jp/bis/players/81785151.html,1998.05.30,175,88,左,左,,Nipponham Fighters
29,細野　晴希,https://npb.jp/bis/players/61865159.html,2002.02.26,180,87,左,左,,Nipponham Fighters
31,柴田　獅子,https://npb.jp/bis/players/81085150.html,2006.04.18,187,87,右,左,,Nipponham Fighters
32,藤田　琉生,https://npb.jp/bis/players/01805150.html,2006.11.17,198,96,左,左,,Nipponham Fighters
34,堀　瑞輝,https://npb.jp/bis/players/51855134.html,1998.05.10,177,89,左,左,,Nipponham Fighters
35,浅利　太門,https://npb.jp/bis/players/51155150.html,2002.09.06,186,88,右,右,,Nipponham Fighters
37,古林　睿煬,https://npb.jp/bis/players/93595150.html,2000.06.12,184,81,右,右,,Nipponham Fighters
40,福田　俊,https://npb.jp/bis/players/11615138.html,1996.12.14,171,73,左,左,,Nipponham Fighters
41,福谷　浩司,https://npb.jp/bis/players/21025137.html,1991.01.09,183,93,右,右,,Nipponham Fighters
42,ザバラ,https://npb.jp/bis/players/93795159.html,1996.12.21,190,117,右,右,,Nipponham Fighters
45,バーヘイゲン,https://npb.jp/bis/players/33735151.html,1990.10.22,198,104,右,右,,Nipponham Fighters
46,畔柳　亨丞,https://npb.jp/bis/players/61765155.html,2003.05.03,178,87,右,右,,Nipponham Fighters
48,齋藤　友貴哉,https://npb.jp/bis/players/21725138.html,1995.01.05,184,92,右,左,,Nipponham Fighters
51,石川　直也,https://npb.jp/bis/players/61165130.html,1996.07.11,192,93,右,右,,Nipponham Fighters
52,池田　隆英,https://npb.jp/bis/players/01105134.html,1994.10.01,181,87,右,右,,Nipponham Fighters
55,松浦　慶斗,https://npb.jp/bis/players/33135155.html,2003.07.01,186,103,左,左,,Nipponham Fighters
59,根本　悠楓,https://npb.jp/bis/players/41645153.html,2003.03.31,173,80,左,左,,Nipponham Fighters
62,清水　大暉,https://npb.jp/bis/players/51255150.html,2006.07.17,192,95,右,右,,Nipponham Fighters
63,山城　航太郎,https://npb.jp/bis/players/13315150.html,2002.09.03,183,84,右,右,,Nipponham Fighters
67,山本　拓実,https://npb.jp/bis/players/03105136.html,2000.01.31,167,79,右,右,,Nipponham Fighters
93,松岡　洸希,https://npb.jp/bis/players/61665151.html,2000.08.31,180,84,右,右,3/10 育成選手から支配下選手へ移行,Nipponham Fighters
94,福島　蓮,https://npb.jp/bis/players/81685155.html,2003.04.25,190,78,右,右,,Nipponham Fighters
95,柳川　大晟,https://npb.jp/bis/players/63365155.html,2003.08.21,191,93,右,右,,Nipponham Fighters
96,孫　易磊,https://npb.jp/bis/players/83785159.html,2005.02.10,183,93,右,左,5/22 育成選手から支配下選手へ移行,Nipponham Fighters
97,宮内　春輝,https://npb.jp/bis/players/53155157.html,1996.05.25,176,79,右,右,7/18 育成選手から支配下選手へ移行,Nipponham Fighters
2,マルティネス,https://npb.jp/bis/players/73975136.html,1996.05.28,190,112,右,右,,Nipponham Fighters
10,清水　優心,https://npb.jp/bis/players/61965130.html,1996.05.22,185,91,右,右,,Nipponham Fighters
23,伏見　寅威,https://npb.jp/bis/players/61065137.html,1990.05.12,182,89,右,右,,Nipponham Fighters
27,古川　裕大,https://npb.jp/bis/players/01805153.html,1998.06.19,184,91,右,左,,Nipponham Fighters
30,郡司　裕也,https://npb.jp/bis/players/21925151.html,1997.12.27,180,89,右,右,,Nipponham Fighters
33,進藤　勇也,https://npb.jp/bis/players/11015159.html,2002.03.10,182,91,右,右,,Nipponham Fighters
60,吉田　賢吾,https://npb.jp/bis/players/13515157.html,2001.01.18,181,94,右,右,,Nipponham Fighters
64,田宮　裕涼,https://npb.jp/bis/players/51055138.html,2000.06.13,175,84,右,左,,Nipponham Fighters
98,梅林　優貴,https://npb.jp/bis/players/11515151.html,1998.03.14,171,85,右,右,,Nipponham Fighters
4,上川畑　大悟,https://npb.jp/bis/players/01505155.html,1997.01.12,167,73,右,左,,Nipponham Fighters
5,野村　佑希,https://npb.jp/bis/players/31435138.html,2000.06.26,187,95,右,右,,Nipponham Fighters
9,中島　卓也,https://npb.jp/bis/players/11215118.html,1991.01.11,178,76,右,左,,Nipponham Fighters
21,清宮　幸太郎,https://npb.jp/bis/players/41545136.html,1999.05.25,184,95,右,左,,Nipponham Fighters
38,石井　一成,https://npb.jp/bis/players/21125134.html,1994.05.06,182,86,右,左,,Nipponham Fighters
39,有薗　直輝,https://npb.jp/bis/players/01105155.html,2003.05.21,185,100,右,右,,Nipponham Fighters
43,水野　達稀,https://npb.jp/bis/players/63165155.html,2000.07.30,171,76,右,左,,Nipponham Fighters
44,阪口　樂,https://npb.jp/bis/players/71975155.html,2003.06.24,187,97,右,左,,Nipponham Fighters
49,若林　晃弘,https://npb.jp/bis/players/13315136.html,1993.08.26,180,79,右,左右,,Nipponham Fighters
54,山縣　秀,https://npb.jp/bis/players/63165150.html,2002.05.01,176,80,右,右,,Nipponham Fighters
56,細川　凌平,https://npb.jp/bis/players/61865153.html,2002.04.25,174,78,右,左,,Nipponham Fighters
58,奈良間　大己,https://npb.jp/bis/players/31435157.html,2000.05.08,172,75,右,右,,Nipponham Fighters
65,明瀬　諒介,https://npb.jp/bis/players/53355159.html,2005.08.25,183,92,右,右,,Nipponham Fighters
7,松本　剛,https://npb.jp/bis/players/21625135.html,1993.08.11,180,84,右,右,,Nipponham Fighters
8,淺間　大基,https://npb.jp/bis/players/31135130.html,1996.06.21,183,84,右,左,,Nipponham Fighters
36,宮崎　一樹,https://npb.jp/bis/players/83185159.html,2001.08.30,184,86,右,右,,Nipponham Fighters
50,五十幡　亮汰,https://npb.jp/bis/players/11315153.html,1998.11.27,171,67,右,左,,Nipponham Fighters
53,水谷　瞬,https://npb.jp/bis/players/31835138.html,2001.03.09,193,100,右,右,,Nipponham Fighters
61,今川　優馬,https://npb.jp/bis/players/21325153.html,1997.01.25,177,92,右,右,,Nipponham Fighters
66,万波　中正,https://npb.jp/bis/players/11815138.html,2000.04.07,192,101,右,右,,Nipponham Fighters
68,星野　ひので,https://npb.jp/bis/players/41845159.html,2005.04.18,182,86,右,右,,Nipponham Fighters
99,レイエス,https://npb.jp/bis/players/73075159.html,1995.07.07,196,135,右,右,,Nipponham Fighters
113,加藤　大和,https://npb.jp/bis/players/91595159.html,2006.01.12,190,87,左,左,,Nipponham Fighters
114,松本　遼大,https://npb.jp/bis/players/03105153.html,2002.05.17,188,97,右,右,,Nipponham Fighters
115,清宮　虎多朗,https://npb.jp/bis/players/41945138.html,2000.05.26,190,99,右,左,,Nipponham Fighters
121,川勝　空人,https://npb.jp/bis/players/11715150.html,2007.02.11,180,88,右,右,,Nipponham Fighters
122,澁谷　純希,https://npb.jp/bis/players/11215150.html,2006.11.25,182,87,左,左,,Nipponham Fighters
126,中山　晶量,https://npb.jp/bis/players/81285157.html,1999.02.08,188,86,右,右,,Nipponham Fighters
128,山本　晃大,https://npb.jp/bis/players/63365157.html,1999.04.23,186,92,左,左,,Nipponham Fighters
154,安西　叶翔,https://npb.jp/bis/players/01105157.html,2004.11.13,186,94,右,右,,Nipponham Fighters
163,北浦　竜次,https://npb.jp/bis/players/01505136.html,2000.01.12,184,103,左,左,,Nipponham Fighters
150,マイカ与那嶺,https://npb.jp/bis/players/83985150.html,2000.10.10,190,99,右,右,2/14 育成選手登録,Nipponham Fighters
111,濵田　泰希,https://npb.jp/bis/players/71675159.html,2005.11.28,189,83,右,右,,Nipponham Fighters
112,平田　大樹,https://npb.jp/bis/players/21625159.html,2005.08.25,181,72,右,左,,Nipponham Fighters
125,藤田　大清,https://npb.jp/bis/players/11815157.html,2004.08.23,187,85,右,左,,Nipponham Fighters
127,山口　アタル,https://npb.jp/bis/players/03305157.html,1999.05.28,179,89,右,右,,Nipponham Fighters
